Method name: LW OD600,,,,,,,,,,,,,,,,,,,,,,,,,,,,,,,,,,,,,,,,,,,,,,,,,,,,,,,,,,,,,,,,,,,,,,,,,,,,,,,,,,,,,,,,,,,,,,,,,,,,,,,,,,,,,,,,,,,,,,,,,,,,,,
Application: SparkControl,,,,V3.0,,,,,,,,,,,,,,,,,,,,,,,,,,,,,,,,,,,,,,,,,,,,,,,,,,,,,,,,,,,,,,,,,,,,,,,,,,,,,,,,,,,,,,,,,,,,,,,,,,,,,,,,,,,,,,,,,,,,,,,,,,
Device: Spark,,,,Serial number: 2003005244,,,,,,,,,,,,,,,,,,,,,,,,,,,,,,,,,,,,,,,,,,,,,,,,,,,,,,,,,,,,,,,,,,,,,,,,,,,,,,,,,,,,,,,,,,,,,,,,,,,,,,,,,,,,,,,,,,,,,,,,,,
Firmware:,,,,ABS:V4.3.2|ABS_MEX:V5.1.1|MTP:V14.2.11|FLUOR:V5.1.4|FLUOR_FP:V5.0.2|FLUOR_BOTTOM:V5.0.2|FLUOR_MEM:V5.1.1|FLUOR_MEX:V5.1.1|GCM:V3.0.2|COOLING:V1.1.8|PODI:V1.11.2,,,,,,,,,,,,,,,,,,,,,,,,,,,,,,,,,,,,,,,,,,,,,,,,,,,,,,,,,,,,,,,,,,,,,,,,,,,,,,,,,,,,,,,,,,,,,,,,,,,,,,,,,,,,,,,,,,,,,,,,,,
,,,,,,,,,,,,,,,,,,,,,,,,,,,,,,,,,,,,,,,,,,,,,,,,,,,,,,,,,,,,,,,,,,,,,,,,,,,,,,,,,,,,,,,,,,,,,,,,,,,,,,,,,,,,,,,,,,,,,,,,,,,,,,
Date:,,,,2024-03-23,,,,,,,,,,,,,,,,,,,,,,,,,,,,,,,,,,,,,,,,,,,,,,,,,,,,,,,,,,,,,,,,,,,,,,,,,,,,,,,,,,,,,,,,,,,,,,,,,,,,,,,,,,,,,,,,,,,,,,,,,,
Time:,,,,11:56 AM,,,,,,,,,,,,,,,,,,,,,,,,,,,,,,,,,,,,,,,,,,,,,,,,,,,,,,,,,,,,,,,,,,,,,,,,,,,,,,,,,,,,,,,,,,,,,,,,,,,,,,,,,,,,,,,,,,,,,,,,,,
System,,,,SST00B154W8PHV2,,,,,,,,,,,,,,,,,,,,,,,,,,,,,,,,,,,,,,,,,,,,,,,,,,,,,,,,,,,,,,,,,,,,,,,,,,,,,,,,,,,,,,,,,,,,,,,,,,,,,,,,,,,,,,,,,,,,,,,,,,
User,,,,ADRICE\emw13,,,,,,,,,,,,,,,,,,,,,,,,,,,,,,,,,,,,,,,,,,,,,,,,,,,,,,,,,,,,,,,,,,,,,,,,,,,,,,,,,,,,,,,,,,,,,,,,,,,,,,,,,,,,,,,,,,,,,,,,,,
Plate,,,,[NUN96ft_EdgePlate] - Thermo Fisher Scientific-Nunclon 96 Flat Transparent Cat. No.: 167311/167314/267312/267313,,,,,,,,,,,,,,,,,,,,,,,,,,,,,,,,,,,,,,,,,,,,,,,,,,,,,,,,,,,,,,,,,,,,,,,,,,,,,,,,,,,,,,,,,,,,,,,,,,,,,,,,,,,,,,,,,,,,,,,,,,
Lid lifter,,,,No lid,,,,,,,,,,,,,,,,,,,,,,,,,,,,,,,,,,,,,,,,,,,,,,,,,,,,,,,,,,,,,,,,,,,,,,,,,,,,,,,,,,,,,,,,,,,,,,,,,,,,,,,,,,,,,,,,,,,,,,,,,,
Humidity Cassette,,,,Humidity cassette -Small,,,,,,,,,,,,,,,,,,,,,,,,,,,,,,,,,,,,,,,,,,,,,,,,,,,,,,,,,,,,,,,,,,,,,,,,,,,,,,,,,,,,,,,,,,,,,,,,,,,,,,,,,,,,,,,,,,,,,,,,,,
Smooth mode,,,,Not selected,,,,,,,,,,,,,,,,,,,,,,,,,,,,,,,,,,,,,,,,,,,,,,,,,,,,,,,,,,,,,,,,,,,,,,,,,,,,,,,,,,,,,,,,,,,,,,,,,,,,,,,,,,,,,,,,,,,,,,,,,,
,,,,,,,,,,,,,,,,,,,,,,,,,,,,,,,,,,,,,,,,,,,,,,,,,,,,,,,,,,,,,,,,,,,,,,,,,,,,,,,,,,,,,,,,,,,,,,,,,,,,,,,,,,,,,,,,,,,,,,,,,,,,,,
List of actions in this measurement script:,,,,,,,,,,,,,,,,,,,,,,,,,,,,,,,,,,,,,,,,,,,,,,,,,,,,,,,,,,,,,,,,,,,,,,,,,,,,,,,,,,,,,,,,,,,,,,,,,,,,,,,,,,,,,,,,,,,,,,,,,,,,,,
Plate,,,,,,,,,,,,,,,,,,,,,,,,,,,,,,,,,,,,,,,,,,,,,,,,,,,,,,,,,,,,,,,,,,,,,,,,,,,,,,,,,,,,,,,,,,,,,,,,,,,,,,,,,,,,,,,,,,,,,,,,,,,,,,
,Temperature,,,,,,,,,,,,,,,,,,,,,,,,,,,,,,,,,,,,,,,,,,,,,,,,,,,,,,,,,,,,,,,,,,,,,,,,,,,,,,,,,,,,,,,,,,,,,,,,,,,,,,,,,,,,,,,,,,,,,,,,,,,,,
,Kinetic,,,,,,,,,,,,,,,,,,,,,,,,,,,,,,,,,,,,,,,,,,,,,,,,,,,,,,,,,,,,,,,,,,,,,,,,,,,,,,,,,,,,,,,,,,,,,,,,,,,,,,,,,,,,,,,,,,,,,,,,,,,,,
,,Absorbance,,,,OD600,,,,,,,,,,,,,,,,,,,,,,,,,,,,,,,,,,,,,,,,,,,,,,,,,,,,,,,,,,,,,,,,,,,,,,,,,,,,,,,,,,,,,,,,,,,,,,,,,,,,,,,,,,,,,,,,,,,,,,,,
,,Shaking,,,,,,,,,,,,,,,,,,,,,,,,,,,,,,,,,,,,,,,,,,,,,,,,,,,,,,,,,,,,,,,,,,,,,,,,,,,,,,,,,,,,,,,,,,,,,,,,,,,,,,,,,,,,,,,,,,,,,,,,,,,,
,,,,,,,,,,,,,,,,,,,,,,,,,,,,,,,,,,,,,,,,,,,,,,,,,,,,,,,,,,,,,,,,,,,,,,,,,,,,,,,,,,,,,,,,,,,,,,,,,,,,,,,,,,,,,,,,,,,,,,,,,,,,,,
Name,,,,NUN96ft_EdgePlate,,,,,,,,,,,,,,,,,,,,,,,,,,,,,,,,,,,,,,,,,,,,,,,,,,,,,,,,,,,,,,,,,,,,,,,,,,,,,,,,,,,,,,,,,,,,,,,,,,,,,,,,,,,,,,,,,,,,,,,,,,
Plate layout,,,,,,,,,,,,,,,,,,,,,,,,,,,,,,,,,,,,,,,,,,,,,,,,,,,,,,,,,,,,,,,,,,,,,,,,,,,,,,,,,,,,,,,,,,,,,,,,,,,,,,,,,,,,,,,,,,,,,,,,,,,,,,
Plate area,,,,A1-H12,,,,,,,,,,,,,,,,,,,,,,,,,,,,,,,,,,,,,,,,,,,,,,,,,,,,,,,,,,,,,,,,,,,,,,,,,,,,,,,,,,,,,,,,,,,,,,,,,,,,,,,,,,,,,,,,,,,,,,,,,,
,,,,,,,,,,,,,,,,,,,,,,,,,,,,,,,,,,,,,,,,,,,,,,,,,,,,,,,,,,,,,,,,,,,,,,,,,,,,,,,,,,,,,,,,,,,,,,,,,,,,,,,,,,,,,,,,,,,,,,,,,,,,,,
Start Time,,,,2024-03-22 13:51:25,,,,,,,,,,,,,,,,,,,,,,,,,,,,,,,,,,,,,,,,,,,,,,,,,,,,,,,,,,,,,,,,,,,,,,,,,,,,,,,,,,,,,,,,,,,,,,,,,,,,,,,,,,,,,,,,,,,,,,,,,,
Temperature control,,,,On,,,,,,,,,,,,,,,,,,,,,,,,,,,,,,,,,,,,,,,,,,,,,,,,,,,,,,,,,,,,,,,,,,,,,,,,,,,,,,,,,,,,,,,,,,,,,,,,,,,,,,,,,,,,,,,,,,,,,,,,,,
Target temperature [°C],,,,37,,,,,,,,,,,,,,,,,,,,,,,,,,,,,,,,,,,,,,,,,,,,,,,,,,,,,,,,,,,,,,,,,,,,,,,,,,,,,,,,,,,,,,,,,,,,,,,,,,,,,,,,,,,,,,,,,,,,,,,,,,
Wait minimum [°C],,,,36.5,,,,,,,,,,,,,,,,,,,,,,,,,,,,,,,,,,,,,,,,,,,,,,,,,,,,,,,,,,,,,,,,,,,,,,,,,,,,,,,,,,,,,,,,,,,,,,,,,,,,,,,,,,,,,,,,,,,,,,,,,,
Wait maximum [°C],,,,37.5,,,,,,,,,,,,,,,,,,,,,,,,,,,,,,,,,,,,,,,,,,,,,,,,,,,,,,,,,,,,,,,,,,,,,,,,,,,,,,,,,,,,,,,,,,,,,,,,,,,,,,,,,,,,,,,,,,,,,,,,,,
End Time,,,,2024-03-22 14:13:16,,,,,,,,,,,,,,,,,,,,,,,,,,,,,,,,,,,,,,,,,,,,,,,,,,,,,,,,,,,,,,,,,,,,,,,,,,,,,,,,,,,,,,,,,,,,,,,,,,,,,,,,,,,,,,,,,,,,,,,,,,
,,,,,,,,,,,,,,,,,,,,,,,,,,,,,,,,,,,,,,,,,,,,,,,,,,,,,,,,,,,,,,,,,,,,,,,,,,,,,,,,,,,,,,,,,,,,,,,,,,,,,,,,,,,,,,,,,,,,,,,,,,,,,,
Mode,Kinetic,,,,,,,,,,,,,,,,,,,,,,,,,,,,,,,,,,,,,,,,,,,,,,,,,,,,,,,,,,,,,,,,,,,,,,,,,,,,,,,,,,,,,,,,,,,,,,,,,,,,,,,,,,,,,,,,,,,,,,,,,,,,,
Kinetic duration [hhmmss],,,,22:00:00,,,,,,,,,,,,,,,,,,,,,,,,,,,,,,,,,,,,,,,,,,,,,,,,,,,,,,,,,,,,,,,,,,,,,,,,,,,,,,,,,,,,,,,,,,,,,,,,,,,,,,,,,,,,,,,,,,,,,,,,,,
Interval time [hhmmss],,,,00:10:00,,,,,,,,,,,,,,,,,,,,,,,,,,,,,,,,,,,,,,,,,,,,,,,,,,,,,,,,,,,,,,,,,,,,,,,,,,,,,,,,,,,,,,,,,,,,,,,,,,,,,,,,,,,,,,,,,,,,,,,,,,
,,,,,,,,,,,,,,,,,,,,,,,,,,,,,,,,,,,,,,,,,,,,,,,,,,,,,,,,,,,,,,,,,,,,,,,,,,,,,,,,,,,,,,,,,,,,,,,,,,,,,,,,,,,,,,,,,,,,,,,,,,,,,,
Mode,Absorbance,,,,,,,,,,,,,,,,,,,,,,,,,,,,,,,,,,,,,,,,,,,,,,,,,,,,,,,,,,,,,,,,,,,,,,,,,,,,,,,,,,,,,,,,,,,,,,,,,,,,,,,,,,,,,,,,,,,,,,,,,,,,,
Name,OD600,,,,,,,,,,,,,,,,,,,,,,,,,,,,,,,,,,,,,,,,,,,,,,,,,,,,,,,,,,,,,,,,,,,,,,,,,,,,,,,,,,,,,,,,,,,,,,,,,,,,,,,,,,,,,,,,,,,,,,,,,,,,,
Measurement wavelength [nm],,,,600,,,,,,,,,,,,,,,,,,,,,,,,,,,,,,,,,,,,,,,,,,,,,,,,,,,,,,,,,,,,,,,,,,,,,,,,,,,,,,,,,,,,,,,,,,,,,,,,,,,,,,,,,,,,,,,,,,,,,,,,,,
Number of flashes,,,,10,,,,,,,,,,,,,,,,,,,,,,,,,,,,,,,,,,,,,,,,,,,,,,,,,,,,,,,,,,,,,,,,,,,,,,,,,,,,,,,,,,,,,,,,,,,,,,,,,,,,,,,,,,,,,,,,,,,,,,,,,,
Settle time [ms],,,,50,,,,,,,,,,,,,,,,,,,,,,,,,,,,,,,,,,,,,,,,,,,,,,,,,,,,,,,,,,,,,,,,,,,,,,,,,,,,,,,,,,,,,,,,,,,,,,,,,,,,,,,,,,,,,,,,,,,,,,,,,,
Part of Plate,,,,A1-H12,,,,,,,,,,,,,,,,,,,,,,,,,,,,,,,,,,,,,,,,,,,,,,,,,,,,,,,,,,,,,,,,,,,,,,,,,,,,,,,,,,,,,,,,,,,,,,,,,,,,,,,,,,,,,,,,,,,,,,,,,,
,,,,,,,,,,,,,,,,,,,,,,,,,,,,,,,,,,,,,,,,,,,,,,,,,,,,,,,,,,,,,,,,,,,,,,,,,,,,,,,,,,,,,,,,,,,,,,,,,,,,,,,,,,,,,,,,,,,,,,,,,,,,,,
Shaking (Orbital) Duration [s],,,,590,,,,,,,,,,,,,,,,,,,,,,,,,,,,,,,,,,,,,,,,,,,,,,,,,,,,,,,,,,,,,,,,,,,,,,,,,,,,,,,,,,,,,,,,,,,,,,,,,,,,,,,,,,,,,,,,,,,,,,,,,,
Shaking (Orbital) Position,,,,Current,,,,,,,,,,,,,,,,,,,,,,,,,,,,,,,,,,,,,,,,,,,,,,,,,,,,,,,,,,,,,,,,,,,,,,,,,,,,,,,,,,,,,,,,,,,,,,,,,,,,,,,,,,,,,,,,,,,,,,,,,,
Shaking (Orbital) Amplitude [mm],,,,2.5,,,,,,,,,,,,,,,,,,,,,,,,,,,,,,,,,,,,,,,,,,,,,,,,,,,,,,,,,,,,,,,,,,,,,,,,,,,,,,,,,,,,,,,,,,,,,,,,,,,,,,,,,,,,,,,,,,,,,,,,,,
Shaking (Orbital) Frequency [rpm],,,,216,,,,,,,,,,,,,,,,,,,,,,,,,,,,,,,,,,,,,,,,,,,,,,,,,,,,,,,,,,,,,,,,,,,,,,,,,,,,,,,,,,,,,,,,,,,,,,,,,,,,,,,,,,,,,,,,,,,,,,,,,,
,,,,,,,,,,,,,,,,,,,,,,,,,,,,,,,,,,,,,,,,,,,,,,,,,,,,,,,,,,,,,,,,,,,,,,,,,,,,,,,,,,,,,,,,,,,,,,,,,,,,,,,,,,,,,,,,,,,,,,,,,,,,,,
Start Time,,,,2024-03-22 14:13:21,,,,,,,,,,,,,,,,,,,,,,,,,,,,,,,,,,,,,,,,,,,,,,,,,,,,,,,,,,,,,,,,,,,,,,,,,,,,,,,,,,,,,,,,,,,,,,,,,,,,,,,,,,,,,,,,,,,,,,,,,,
,,,,,,,,,,,,,,,,,,,,,,,,,,,,,,,,,,,,,,,,,,,,,,,,,,,,,,,,,,,,,,,,,,,,,,,,,,,,,,,,,,,,,,,,,,,,,,,,,,,,,,,,,,,,,,,,,,,,,,,,,,,,,,
OD600,,,,,,,,,,,,,,,,,,,,,,,,,,,,,,,,,,,,,,,,,,,,,,,,,,,,,,,,,,,,,,,,,,,,,,,,,,,,,,,,,,,,,,,,,,,,,,,,,,,,,,,,,,,,,,,,,,,,,,,,,,,,,,
Cycle Nr.,1,2,3,4,5,6,7,8,9,10,11,12,13,14,15,16,17,18,19,20,21,22,23,24,25,26,27,28,29,30,31,32,33,34,35,36,37,38,39,40,41,42,43,44,45,46,47,48,49,50,51,52,53,54,55,56,57,58,59,60,61,62,63,64,65,66,67,68,69,70,71,72,73,74,75,76,77,78,79,80,81,82,83,84,85,86,87,88,89,90,91,92,93,94,95,96,97,98,99,100,101,102,103,104,105,106,107,108,109,110,111,112,113,114,115,116,117,118,119,120,121,122,123,124,125,126
Time [s],0,622.984,1245.341,1867.719,2490.069,3112.349,3734.624,4356.993,4979.379,5601.771,6224.059,6846.358,7468.542,8090.904,8713.163,9335.399,9957.622,10579.709,11201.987,11824.216,12446.511,13068.874,13691.119,14313.402,14935.64,15557.931,16180.204,16802.37,17424.753,18047.075,18669.253,19291.543,19913.679,20535.959,21158.256,21780.555,22402.842,23025.207,23647.53,24269.807,24892.058,25514.33,26136.605,26758.831,27381.194,28003.567,28625.812,29248.017,29870.175,30492.377,31114.654,31736.957,32359.188,32981.472,33603.752,34225.985,34848.357,35470.727,36092.94,36715.245,37337.559,37959.774,38582.141,39204.465,39826.7,40448.987,41071.355,41693.576,42315.859,42938.157,43560.44,44182.743,44805.134,45427.412,46049.786,46672.176,47294.408,47916.675,48539.006,49161.11,49783.408,50405.7,51027.975,51650.263,52272.637,52894.886,53517.304,54139.585,54761.899,55384.201,56006.497,56628.694,57251.051,57873.352,58495.564,59117.843,59740.146,60362.462,60984.768,61607.053,62229.338,62851.611,63473.895,64096.2,64718.413,65340.785,65963.171,66585.351,67207.574,67829.87,68452.246,69074.433,69696.743,70319.049,70941.297,71563.583,72185.882,72808.105,73430.497,74052.873,74675.248,75297.479,75919.745,76542.106,77164.282,77786.563
Temp. [°C],36.8,36.9,37.1,37,37,37,37.1,37.2,37,37.1,37,37,36.9,37.1,37,36.9,37,37,37.1,37,37.1,37,37.1,37,37.1,36.9,37,37,37.1,37,36.9,37.1,37.1,37.1,37,37.1,37,37,37,37,37,37.1,37.1,37.1,37.1,37,37.1,37,37,37,37,37,37,37.1,37,37.1,37,37.1,37,37,37,37,37,37,37.2,37,37.1,37,37.1,37,37,37,37,37,36.9,37.1,37.1,37,36.9,37.1,37,37,37,37,37.1,37,37.1,37,37.1,37,37.1,36.9,37,37,37,37,37.1,37.1,37,37,37,37,37,37,37,37,37,37,37.1,37,37,37,37,37,37,37,37,37,37,37.1,37,37,37,37,37,37
A1,0.0519,0.0636,0.0546,0.0596,0.0668,0.0766,0.0881,0.095,0.1032,0.1117,0.1165,0.1165,0.1247,0.1326,0.1403,0.1494,0.147,0.1333,0.1349,0.1398,0.1501,0.1599,0.172,0.1858,0.2138,0.2445,0.2962,0.3369,0.3693,0.4166,0.4494,0.4767,0.5168,0.5382,0.5582,0.5981,0.6324,0.6764,0.7078,0.7428,0.7928,0.8408,0.8788,0.9235,0.9533,0.9968,1.0354,1.0699,1.1038,1.1157,1.1235,1.1378,1.1351,1.1273,1.1461,1.1398,1.1814,1.1939,1.1177,1.1456,1.1225,1.1562,1.125,1.1203,1.1127,1.1142,1.1253,1.1578,1.291,1.3214,1.3608,1.3779,1.3609,1.363,1.4064,1.4532,1.4122,1.4574,1.4937,1.4985,1.525,1.4923,1.4542,1.5021,1.4625,1.4937,1.456,1.5061,1.47,1.5121,1.4676,1.4794,1.4554,1.3931,1.3916,1.3804,1.3992,1.359,1.3605,1.2857,1.38,1.3346,1.3084,1.305,1.4583,1.2848,1.2788,1.2686,1.2801,1.2976,1.3041,1.3051,1.2957,1.3026,1.3624,1.3168,1.3215,1.3104,1.3229,1.3536,1.2636,1.403,1.2673,1.2909,1.3513,1.3314
A2,0.0493,0.0475,0.0483,0.0492,0.0503,0.0519,0.0549,0.0592,0.0608,0.0645,0.0664,0.0703,0.0704,0.0769,0.0857,0.0915,0.0975,0.1032,0.108,0.1162,0.1249,0.1288,0.1352,0.1422,0.1469,0.1603,0.1761,0.1874,0.1994,0.211,0.2307,0.2463,0.2604,0.2825,0.3049,0.3495,0.3873,0.4156,0.4202,0.4395,0.4595,0.4581,0.4851,0.5104,0.5256,0.55,0.5754,0.6032,0.6322,0.7698,0.8209,0.8205,0.7617,0.7998,0.9428,0.8516,0.8477,0.9981,1.002,0.923,0.9663,0.9491,0.967,1.0325,1.0024,1.1095,1.0535,0.9886,1.2365,1.1283,1.1516,1.2921,1.1792,1.0839,1.2771,1.3967,1.3236,1.3601,1.4021,1.4608,1.472,1.4266,1.4902,1.4739,1.4798,1.4237,1.4389,1.4493,1.4205,1.3552,1.4169,1.3798,1.3371,1.2994,1.3392,1.3401,1.3091,1.3249,1.2779,1.2302,1.2807,1.2403,1.2662,1.2864,1.2434,1.1983,1.3098,1.2869,1.1546,1.2864,1.1328,1.1596,1.0762,1.0632,1.1254,1.174,1.1814,1.1861,1.1634,1.1021,1.2767,1.2678,1.1318,1.1105,1.0586,1.2301
A3,0.0498,0.0508,0.0511,0.0528,0.0541,0.0564,0.0586,0.0627,0.0691,0.071,0.0745,0.0814,0.0846,0.0927,0.1016,0.1109,0.1198,0.1284,0.137,0.1486,0.1598,0.1747,0.19,0.2043,0.2227,0.2408,0.2676,0.293,0.3252,0.3498,0.3784,0.3909,0.3993,0.4201,0.4417,0.4864,0.553,0.5609,0.5918,0.6226,0.6907,0.6649,0.7386,0.7572,0.8413,0.7857,0.9275,0.8253,0.9042,0.9524,0.9788,0.9016,1.0078,1.0159,1.0435,1.0474,1.112,1.1082,1.1229,1.1112,1.1868,1.2104,1.1911,1.2181,1.2898,1.3339,1.3014,1.3688,1.2904,1.3692,1.3915,1.3348,1.4633,1.416,1.4959,1.4908,1.4947,1.4885,1.4753,1.4817,1.5037,1.5069,1.4937,1.4421,1.4711,1.5189,1.4809,1.5288,1.4378,1.4341,1.4966,1.4925,1.4767,1.5068,1.5281,1.4292,1.4735,1.4426,1.4848,1.5134,1.3878,1.5133,1.3623,1.38,1.3519,1.3585,1.2773,1.2501,1.1235,1.2143,1.201,1.221,1.152,1.1237,1.1473,1.0731,1.1638,1.0474,1.1431,1.1092,1.075,1.0926,1.0806,1.0901,1.0647,1.1344
A4,0.0458,0.0464,0.047,0.0473,0.0479,0.0488,0.0504,0.0586,0.0653,0.0618,0.0649,0.0652,0.0668,0.0731,0.0761,0.0777,0.0826,0.0837,0.0884,0.0951,0.1003,0.1029,0.1085,0.1119,0.1204,0.1265,0.1366,0.1435,0.1499,0.1559,0.1649,0.1729,0.1837,0.1969,0.2121,0.2279,0.2467,0.2676,0.2942,0.3221,0.3499,0.3677,0.3982,0.4488,0.4655,0.4723,0.4296,0.5299,0.5821,0.6318,0.5458,0.7066,0.7316,0.7675,0.7757,0.7691,0.8266,0.8785,0.9124,0.884,1.0017,0.9657,1.0104,1.0984,1.1026,1.0302,1.0611,1.07,1.1381,1.1786,1.0971,1.1576,1.1117,1.2144,1.2436,1.2487,1.3141,1.3184,1.3383,1.3621,1.3282,1.3752,1.381,1.345,1.4058,1.4112,1.4836,1.3809,1.4358,1.3969,1.4518,1.4035,1.3656,1.3561,1.3319,1.3218,1.3603,1.3027,1.3648,1.3028,1.3409,1.3291,1.2898,1.2876,1.2859,1.2941,1.2823,1.3132,1.2726,1.351,1.3351,1.2594,1.2751,1.2377,1.229,1.2087,1.3126,1.1574,1.2604,1.2686,1.2415,1.2178,1.2056,1.2957,1.2327,1.2002
A5,0.0466,0.0476,0.0485,0.0492,0.0497,0.0499,0.05,0.051,0.0516,0.0525,0.0534,0.055,0.0571,0.0592,0.0624,0.0654,0.0692,0.074,0.082,0.0882,0.0976,0.1084,0.1254,0.1408,0.1648,0.1901,0.2197,0.2594,0.2937,0.3216,0.3441,0.3729,0.4035,0.4027,0.4249,0.513,0.4732,0.5138,0.5246,0.6269,0.6652,0.69,0.684,0.7789,0.7584,0.7926,0.7987,0.8449,0.8983,0.8915,0.9958,0.9173,0.9598,1.0014,1.0463,0.9805,1.0868,1.1704,1.1151,1.1843,1.1567,1.1994,1.1448,1.2413,1.136,1.2714,1.2366,1.3251,1.2256,1.3638,1.3025,1.3491,1.4149,1.4391,1.3658,1.446,1.4173,1.4831,1.4754,1.4658,1.465,1.5265,1.5648,1.5521,1.4925,1.5887,1.5379,1.4741,1.432,1.4196,1.4811,1.3886,1.4461,1.3402,1.3352,1.3851,1.4014,1.3568,1.3764,1.3955,1.3875,1.3779,1.3336,1.3734,1.3889,1.3563,1.337,1.3951,1.3666,1.3306,1.3592,1.3505,1.274,1.3405,1.3361,1.3883,1.3391,1.3735,1.3586,1.3953,1.3574,1.3635,1.2825,1.3196,1.379,1.368
A6,0.0471,0.0479,0.0488,0.0501,0.0513,0.052,0.0529,0.0546,0.0569,0.0582,0.0621,0.0677,0.0707,0.076,0.0822,0.0901,0.0991,0.1035,0.114,0.1274,0.1376,0.1412,0.1357,0.1362,0.1451,0.1675,0.1875,0.2067,0.2403,0.2544,0.2867,0.3239,0.3393,0.3703,0.411,0.4276,0.4325,0.4286,0.5205,0.4449,0.5518,0.6269,0.5815,0.6327,0.6302,0.6105,0.682,0.827,0.7379,0.7349,0.8259,0.9089,0.9019,0.8878,1.0313,0.9878,1.0786,0.996,0.9974,1.1054,1.0748,1.1356,1.1207,1.1604,1.1927,1.1921,1.2419,1.2533,1.2971,1.3247,1.332,1.3358,1.3199,1.2787,1.3732,1.3469,1.2808,1.3214,1.3356,1.3325,1.3265,1.3192,1.307,1.3208,1.3171,1.2997,1.3049,1.2888,1.3008,1.2722,1.2881,1.2788,1.2749,1.2534,1.2675,1.2586,1.2779,1.2598,1.232,1.2633,1.2609,1.2513,1.2738,1.2229,1.2065,1.278,1.2522,1.2602,1.294,1.2589,1.2204,1.2651,1.249,1.2594,1.2564,1.2295,1.168,1.1688,1.2124,1.2266,1.2452,1.1915,1.2346,1.2302,1.1835,1.216
A7,0.0473,0.0494,0.0506,0.0535,0.0547,0.0556,0.0587,0.0621,0.0634,0.0649,0.0721,0.078,0.0856,0.0943,0.1092,0.0998,0.1034,0.1036,0.1076,0.1398,0.167,0.158,0.1939,0.19,0.1856,0.238,0.2497,0.2395,0.2924,0.3655,0.3627,0.4545,0.4622,0.5102,0.5073,0.5664,0.5774,0.6186,0.6596,0.699,0.7575,0.7641,0.8257,0.8191,0.8815,0.9142,0.9405,0.9615,0.9686,1.0021,1.063,1.0523,1.1354,1.0909,1.1309,1.1793,1.1826,1.225,1.2297,1.2197,1.2519,1.3133,1.309,1.3124,1.3645,1.404,1.4125,1.4512,1.4419,1.4863,1.4697,1.499,1.5105,1.522,1.5196,1.5386,1.5447,1.552,1.5472,1.5506,1.553,1.5886,1.5807,1.6001,1.6253,1.6248,1.6474,1.6316,1.647,1.6597,1.6602,1.6459,1.6667,1.6606,1.665,1.6637,1.6388,1.6498,1.6428,1.6433,1.6334,1.6325,1.6037,1.5527,1.4064,1.1996,1.2013,1.2054,1.2077,1.2164,1.1981,1.2074,1.2045,1.1854,1.1834,1.1945,1.1854,1.1755,1.1942,1.1844,1.1546,1.1833,1.1838,1.1733,1.1585,1.1731
A8,0.0457,0.0468,0.0482,0.0526,0.0658,0.0771,0.0811,0.0866,0.0909,0.0855,0.094,0.0975,0.098,0.1006,0.0945,0.1084,0.0839,0.104,0.0788,0.1259,0.105,0.1111,0.1531,0.1469,0.152,0.1528,0.159,0.1829,0.1893,0.207,0.2314,0.2533,0.2735,0.2817,0.3194,0.3272,0.3543,0.3892,0.4216,0.4912,0.4994,0.5622,0.5721,0.5925,0.6625,0.6607,0.6943,0.754,0.8059,0.8116,0.8406,0.8655,0.9482,0.975,0.9698,0.9825,1.0748,1.1007,1.1022,1.1282,1.1313,1.1826,1.1682,1.2254,1.2337,1.1989,1.27,1.2909,1.3061,1.284,1.3003,1.3435,1.3565,1.3478,1.3313,1.3705,1.3814,1.3726,1.3866,1.3911,1.3721,1.3906,1.3959,1.3921,1.3972,1.3742,1.3795,1.3816,1.4086,1.3872,1.3921,1.386,1.3761,1.4048,1.4115,1.3912,1.3348,1.3954,1.3952,1.4227,1.3503,1.4101,1.3992,1.3987,1.4046,1.3916,1.3178,1.3696,1.3722,1.3694,1.3416,1.4022,1.3226,1.3541,1.4068,1.3801,1.3793,1.4036,1.4033,1.4137,1.3061,1.3476,1.3882,1.4136,1.3377,1.4066
A9,0.0591,0.0649,0.0692,0.0702,0.0745,0.0762,0.0791,0.08,0.0816,0.0811,0.0831,0.0838,0.0839,0.0862,0.0926,0.0944,0.0962,0.1065,0.1135,0.1285,0.1292,0.154,0.1729,0.1975,0.2136,0.2222,0.2462,0.2617,0.2628,0.3383,0.3443,0.3484,0.4595,0.45,0.4959,0.5289,0.4972,0.5527,0.6471,0.6786,0.7107,0.7546,0.7531,0.8235,0.8727,0.8877,0.9472,0.9306,0.9669,0.994,0.987,1.0707,1.1072,1.0961,1.1221,1.1655,1.1455,1.1942,1.2262,1.2844,1.265,1.2955,1.3182,1.3527,1.4103,1.3827,1.4196,1.4291,1.4521,1.4612,1.4994,1.523,1.5228,1.5128,1.5292,1.5568,1.5434,1.5591,1.5681,1.5963,1.6142,1.6083,1.5834,1.6159,1.6597,1.6637,1.6489,1.6323,1.6739,1.651,1.6851,1.7068,1.7015,1.6676,1.7034,1.6848,1.6584,1.6871,1.7028,1.6986,1.7161,1.7157,1.6901,1.6959,1.6989,1.6912,1.6659,1.6961,1.6615,1.6396,1.57,1.4527,1.2628,1.2755,1.2551,1.2326,1.2445,1.235,1.2327,1.2173,1.198,1.1715,1.2002,1.199,1.2162,1.1969
A10,0.048,0.0493,0.0503,0.0538,0.0589,0.0571,0.0627,0.0647,0.0604,0.0611,0.0624,0.0605,0.063,0.0607,0.064,0.0656,0.0664,0.0697,0.0731,0.0744,0.0752,0.0819,0.0895,0.09,0.0896,0.0889,0.1119,0.1221,0.1127,0.1242,0.1097,0.1296,0.1441,0.159,0.1588,0.2093,0.2457,0.2508,0.2743,0.2817,0.3613,0.3939,0.4148,0.419,0.5157,0.5693,0.5422,0.584,0.6538,0.6783,0.7053,0.7586,0.7845,0.8404,0.8603,0.8786,0.9288,0.9713,0.9802,0.9814,1.0431,1.0688,1.0945,1.144,1.1567,1.1807,1.187,1.2219,1.2169,1.2693,1.2757,1.2911,1.3065,1.3017,1.3338,1.3365,1.3532,1.4049,1.4249,1.4568,1.468,1.4885,1.4979,1.5102,1.5149,1.5212,1.5165,1.5272,1.5356,1.5493,1.5593,1.5695,1.5738,1.5711,1.5952,1.5972,1.6149,1.622,1.6352,1.6311,1.6408,1.64,1.6363,1.6371,1.623,1.6365,1.6797,1.6561,1.6499,1.6462,1.6283,1.6447,1.6156,1.6058,1.5685,1.4948,1.3181,1.22,1.2084,1.2211,1.2172,1.2268,1.2118,1.1978,1.1953,1.195
A11,0.0465,0.0486,0.0496,0.0505,0.0523,0.0503,0.0511,0.0527,0.0547,0.0567,0.0589,0.0611,0.0624,0.0666,0.071,0.0761,0.0815,0.0876,0.0946,0.0984,0.1045,0.1117,0.1208,0.1323,0.1457,0.1548,0.1726,0.1926,0.2069,0.2264,0.2516,0.2867,0.3115,0.3494,0.379,0.4062,0.4358,0.4513,0.4871,0.5247,0.5537,0.58,0.6196,0.649,0.6761,0.7125,0.7425,0.8288,0.901,0.9224,0.9375,0.9808,1.002,1.0246,1.0655,1.0826,1.112,1.1293,1.1496,1.1955,1.1578,1.1787,1.248,1.2703,1.2951,1.2766,1.3482,1.3484,1.3661,1.3605,1.3743,1.3953,1.3798,1.4416,1.4456,1.4472,1.4632,1.4599,1.4708,1.4964,1.4941,1.5072,1.5197,1.5336,1.5269,1.5267,1.5553,1.5614,1.5648,1.5958,1.5895,1.591,1.5974,1.6102,1.6158,1.6193,1.6274,1.6275,1.6322,1.65,1.6411,1.6467,1.6405,1.6561,1.6578,1.6584,1.6549,1.6387,1.6632,1.6592,1.6592,1.6536,1.6404,1.6369,1.6258,1.6224,1.5901,1.6046,1.5447,1.5207,1.4191,1.1597,1.1347,1.1085,1.1079,1.1137
A12,0.0457,0.0472,0.0492,0.049,0.0553,0.0605,0.0628,0.0642,0.0644,0.0646,0.0582,0.0592,0.0624,0.0673,0.0818,0.0693,0.0754,0.0781,0.0853,0.0882,0.0961,0.0962,0.0998,0.1082,0.1309,0.1553,0.1677,0.1899,0.1978,0.2313,0.2693,0.2278,0.2571,0.2947,0.3569,0.3911,0.4083,0.4562,0.5425,0.5601,0.5991,0.7036,0.7435,0.6844,0.7094,0.8024,0.8366,0.8369,0.8898,0.9054,0.966,0.9701,1.0036,1.0543,1.0751,1.0876,1.1114,1.1388,1.1459,1.1926,1.2262,1.224,1.2749,1.226,1.2789,1.2583,1.2502,1.3268,1.3018,1.3094,1.396,1.373,1.437,1.4359,1.4478,1.4421,1.4364,1.4973,1.5053,1.4983,1.4614,1.3897,1.3589,1.385,1.3742,1.3828,1.3479,1.3263,1.3839,1.3561,1.3371,1.3716,1.3884,1.3803,1.3885,1.3618,1.3757,1.383,1.4011,1.3837,1.3954,1.3568,1.3659,1.3825,1.3843,1.3877,1.3798,1.3934,1.3676,1.3839,1.3623,1.402,1.3863,1.3881,1.3592,1.3815,1.3857,1.367,1.3338,1.3846,1.3771,1.3526,1.3448,1.3626,1.3727,1.3532
B1,0.0464,0.0475,0.0482,0.0492,0.0508,0.0549,0.0628,0.0708,0.0745,0.0795,0.0831,0.0861,0.0927,0.0988,0.1035,0.1107,0.1078,0.1101,0.1105,0.1111,0.1166,0.1182,0.1202,0.1231,0.1223,0.1253,0.1243,0.1283,0.1341,0.1374,0.142,0.1438,0.145,0.1465,0.1466,0.1475,0.1471,0.1486,0.149,0.1545,0.1574,0.1498,0.1571,0.1562,0.1449,0.1433,0.1424,0.145,0.1446,0.1347,0.1425,0.1444,0.1348,0.156,0.1543,0.1458,0.1103,0.0804,0.0744,0.0724,0.0705,0.0743,0.129,0.151,0.1362,0.1141,0.0719,0.0689,0.0684,0.0691,0.0697,0.0704,0.0744,0.1035,0.1165,0.1591,0.1478,0.166,0.1624,0.1697,0.1834,0.1768,0.1939,0.1978,0.1959,0.2058,0.195,0.2148,0.1161,0.1674,0.2016,0.1769,0.1661,0.2251,0.1474,0.1243,0.1362,0.1309,0.1641,0.2171,0.1971,0.1827,0.1457,0.2386,0.2419,0.2137,0.2059,0.2358,0.2501,0.1653,0.1721,0.1511,0.2071,0.2415,0.2561,0.2227,0.2302,0.2289,0.1603,0.2708,0.2035,0.2289,0.2558,0.245,0.2684,0.2333
B2,0.0493,0.0517,0.0536,0.0546,0.0573,0.064,0.0791,0.0888,0.0936,0.0965,0.1003,0.1036,0.1071,0.11,0.1128,0.114,0.1154,0.1149,0.1193,0.1214,0.1261,0.1299,0.1319,0.1336,0.1349,0.1346,0.1368,0.1348,0.1358,0.1359,0.1355,0.1357,0.1358,0.1435,0.1374,0.1369,0.1364,0.1366,0.1378,0.137,0.1376,0.1377,0.1387,0.1399,0.1398,0.1402,0.1404,0.1396,0.1391,0.1385,0.1398,0.1403,0.1416,0.1414,0.1403,0.1395,0.1402,0.141,0.14,0.1372,0.1381,0.1384,0.1313,0.1351,0.1313,0.1276,0.1305,0.1298,0.1327,0.1308,0.138,0.1353,0.1441,0.144,0.1416,0.1445,0.1459,0.1317,0.1337,0.1358,0.1417,0.147,0.1449,0.1535,0.1307,0.1333,0.1169,0.1374,0.1287,0.1053,0.1239,0.1377,0.1351,0.1477,0.1471,0.1527,0.1497,0.1557,0.1579,0.1549,0.1697,0.1714,0.1562,0.1123,0.0937,0.0744,0.0746,0.2038,0.0926,0.2012,0.1844,0.0956,0.0947,0.0929,0.1958,0.2394,0.2361,0.1885,0.2305,0.1739,0.2106,0.1667,0.1829,0.1612,0.2288,0.2288
B3,0.0505,0.0548,0.055,0.0503,0.0517,0.0547,0.0655,0.0687,0.076,0.0789,0.0808,0.0826,0.087,0.0919,0.0948,0.0977,0.1022,0.1044,0.1073,0.1097,0.1136,0.1164,0.1189,0.1207,0.1244,0.1256,0.1272,0.1291,0.1308,0.1322,0.1344,0.1354,0.1342,0.1335,0.1353,0.1364,0.1374,0.1387,0.1402,0.1409,0.1412,0.1389,0.1432,0.1436,0.1439,0.1402,0.133,0.131,0.1278,0.1238,0.1181,0.1154,0.109,0.1061,0.1007,0.0961,0.0881,0.0931,0.1068,0.1179,0.1198,0.1192,0.1157,0.1151,0.1225,0.1222,0.1097,0.1088,0.0953,0.1468,0.116,0.1108,0.1214,0.1218,0.118,0.1253,0.1248,0.1339,0.1266,0.1179,0.1236,0.1289,0.1136,0.108,0.0949,0.1496,0.1732,0.1527,0.172,0.1408,0.1753,0.1216,0.1703,0.1619,0.1764,0.1831,0.1465,0.1484,0.1698,0.1683,0.1414,0.1945,0.188,0.1959,0.2072,0.1521,0.1857,0.1175,0.1854,0.2111,0.1444,0.2164,0.0846,0.2044,0.1754,0.2019,0.2295,0.1773,0.2232,0.214,0.234,0.2167,0.2278,0.2267,0.2002,0.1666
B4,0.0469,0.0481,0.0492,0.05,0.0579,0.059,0.061,0.063,0.0674,0.0686,0.0715,0.0751,0.077,0.0829,0.0867,0.0916,0.0943,0.0969,0.1058,0.105,0.1086,0.1118,0.1165,0.1205,0.124,0.1262,0.1277,0.128,0.129,0.1322,0.1318,0.1342,0.1351,0.1367,0.1371,0.1374,0.1369,0.1361,0.1326,0.1262,0.1224,0.1187,0.1154,0.1122,0.1099,0.1061,0.1053,0.1017,0.1183,0.1316,0.1073,0.0997,0.1022,0.0999,0.1043,0.1096,0.1249,0.1113,0.1152,0.11,0.1037,0.0994,0.0924,0.1024,0.1073,0.1085,0.1004,0.0989,0.0919,0.0951,0.0945,0.1004,0.0844,0.0878,0.0913,0.0956,0.1305,0.1086,0.0811,0.0862,0.0897,0.1137,0.1311,0.1022,0.1222,0.1167,0.1551,0.1296,0.1428,0.1528,0.1432,0.1583,0.1881,0.1183,0.1447,0.1596,0.1377,0.1287,0.1501,0.1671,0.1805,0.147,0.1536,0.1715,0.1621,0.1539,0.1473,0.1812,0.1374,0.1088,0.1416,0.0861,0.0832,0.1788,0.154,0.1482,0.1733,0.1995,0.1711,0.1915,0.1835,0.1682,0.1894,0.2172,0.1969,0.2267
B5,0.0489,0.0488,0.0493,0.0508,0.0533,0.0593,0.0623,0.0665,0.0722,0.0754,0.0788,0.0822,0.0851,0.0894,0.0931,0.0963,0.1009,0.0995,0.1002,0.0996,0.1044,0.1058,0.1072,0.1073,0.1085,0.1095,0.1095,0.11,0.1111,0.1137,0.1169,0.1184,0.1237,0.1255,0.1306,0.1322,0.1321,0.1332,0.137,0.1349,0.136,0.1339,0.1364,0.1309,0.1239,0.1155,0.1108,0.1077,0.1155,0.1066,0.1069,0.1067,0.102,0.089,0.1319,0.1277,0.1146,0.1031,0.0864,0.1189,0.1067,0.1083,0.0931,0.1119,0.1021,0.0942,0.0878,0.1359,0.1115,0.1064,0.1239,0.1106,0.1458,0.1119,0.1057,0.1216,0.0905,0.1566,0.1396,0.1495,0.1524,0.1289,0.1618,0.1636,0.1066,0.1239,0.1611,0.1367,0.1352,0.1579,0.1475,0.1797,0.1754,0.1652,0.1729,0.1504,0.1448,0.154,0.1477,0.1496,0.1613,0.21,0.208,0.179,0.1939,0.1232,0.1971,0.1526,0.2063,0.1824,0.1791,0.1774,0.145,0.1561,0.172,0.2106,0.1812,0.1709,0.1801,0.1755,0.1872,0.1779,0.2076,0.2277,0.1667,0.2224
B6,0.0452,0.046,0.0464,0.0472,0.0477,0.0486,0.0616,0.0681,0.0603,0.0623,0.056,0.062,0.0645,0.0656,0.0722,0.0718,0.0772,0.0809,0.0825,0.084,0.0871,0.0907,0.0923,0.0951,0.0994,0.1028,0.1067,0.1114,0.1139,0.1155,0.1173,0.1194,0.1217,0.124,0.126,0.1275,0.1292,0.13,0.1313,0.1319,0.1325,0.1321,0.1313,0.133,0.1331,0.1355,0.1355,0.1386,0.1331,0.1172,0.1123,0.1321,0.1335,0.1433,0.0921,0.1206,0.1197,0.0991,0.1132,0.1331,0.1252,0.141,0.1214,0.143,0.1412,0.0946,0.1441,0.1026,0.1234,0.1272,0.1165,0.1419,0.1512,0.1347,0.0977,0.1472,0.1193,0.1365,0.1302,0.1492,0.1491,0.1476,0.1381,0.1543,0.1662,0.1482,0.1453,0.1246,0.1341,0.1757,0.1825,0.1585,0.1555,0.1559,0.1599,0.1538,0.1675,0.1915,0.1465,0.1617,0.1504,0.1751,0.16,0.1543,0.1726,0.1899,0.1933,0.1567,0.198,0.2301,0.1929,0.1853,0.1866,0.1603,0.1822,0.1854,0.2263,0.2341,0.1561,0.2484,0.1655,0.2118,0.1889,0.2175,0.188,0.1538
B7,0.0459,0.0475,0.0477,0.0485,0.049,0.05,0.0513,0.0523,0.053,0.0554,0.0568,0.058,0.0615,0.0649,0.0681,0.0684,0.0732,0.0743,0.0743,0.0757,0.0762,0.0757,0.0805,0.0864,0.084,0.0853,0.0864,0.09,0.0873,0.088,0.0923,0.098,0.0986,0.0989,0.0985,0.0954,0.0963,0.1026,0.1053,0.1084,0.115,0.1171,0.1132,0.1067,0.1126,0.1072,0.106,0.1011,0.0956,0.0924,0.0931,0.0942,0.0993,0.0986,0.0758,0.093,0.0824,0.1328,0.1229,0.1194,0.0755,0.1145,0.131,0.0957,0.1146,0.1262,0.1217,0.0997,0.1237,0.1151,0.1139,0.1433,0.12,0.132,0.1024,0.1479,0.1434,0.1235,0.1064,0.1252,0.1372,0.1466,0.1198,0.1447,0.149,0.1282,0.1576,0.1562,0.1331,0.1617,0.127,0.1531,0.1682,0.1529,0.1562,0.1339,0.1615,0.1749,0.1934,0.1692,0.1709,0.1766,0.1323,0.1851,0.1679,0.1837,0.1567,0.184,0.1714,0.1871,0.1811,0.1896,0.1752,0.1897,0.2238,0.1902,0.2169,0.2089,0.2313,0.1976,0.2375,0.2106,0.2423,0.2242,0.2384,0.2305
B8,0.0468,0.0482,0.0494,0.0511,0.0528,0.0557,0.0542,0.0523,0.0529,0.0563,0.0644,0.0644,0.0677,0.0652,0.0665,0.0693,0.0743,0.0739,0.0756,0.0755,0.0799,0.0833,0.0851,0.0839,0.081,0.0794,0.0787,0.0806,0.0831,0.0883,0.0822,0.0888,0.0857,0.0822,0.0876,0.0857,0.089,0.0928,0.1002,0.0813,0.0893,0.092,0.082,0.0936,0.1032,0.0805,0.0812,0.0838,0.094,0.0998,0.1273,0.1236,0.1165,0.1172,0.12,0.1052,0.1161,0.1205,0.114,0.1101,0.106,0.1153,0.1197,0.1203,0.1137,0.1198,0.1046,0.1132,0.1199,0.1239,0.1107,0.1249,0.1338,0.1275,0.1117,0.1405,0.1253,0.1209,0.1341,0.1258,0.1396,0.1404,0.1219,0.1473,0.1486,0.1446,0.1507,0.1553,0.1614,0.156,0.1676,0.1621,0.1811,0.1644,0.1802,0.1711,0.1793,0.1993,0.1898,0.1773,0.1808,0.2093,0.1915,0.1945,0.1977,0.1983,0.1854,0.203,0.2119,0.2097,0.1961,0.2049,0.2089,0.2202,0.2166,0.2279,0.2221,0.228,0.2108,0.2349,0.2065,0.2174,0.2287,0.2223,0.2241,0.2334
B9,0.0466,0.0478,0.0496,0.052,0.0527,0.0612,0.0562,0.0526,0.0552,0.0561,0.0573,0.0592,0.0641,0.0641,0.0666,0.0712,0.0699,0.0726,0.0711,0.0689,0.0699,0.0699,0.0703,0.0801,0.0885,0.0926,0.0947,0.0944,0.096,0.0854,0.0824,0.0803,0.0887,0.0959,0.0978,0.0938,0.0902,0.1072,0.1103,0.1194,0.1167,0.1143,0.1192,0.1099,0.1293,0.1095,0.1211,0.1123,0.1226,0.1015,0.1237,0.1243,0.1216,0.1234,0.1223,0.1207,0.1192,0.1126,0.1253,0.1144,0.1062,0.1322,0.0894,0.138,0.0773,0.0919,0.1374,0.091,0.1558,0.1284,0.1499,0.1418,0.1269,0.1471,0.1369,0.1562,0.1364,0.0986,0.1179,0.1633,0.0971,0.1221,0.1219,0.1377,0.1402,0.1185,0.1841,0.1298,0.1542,0.126,0.1229,0.1281,0.1369,0.1991,0.14,0.2002,0.1667,0.1407,0.1947,0.1559,0.2281,0.2029,0.2229,0.2026,0.1906,0.2076,0.1933,0.1833,0.1805,0.2231,0.1894,0.1957,0.1898,0.2236,0.2158,0.2156,0.1825,0.2035,0.1818,0.2151,0.2106,0.2171,0.2343,0.2271,0.2277,0.216
B10,0.048,0.0497,0.0512,0.0526,0.0534,0.0529,0.0528,0.0544,0.0555,0.0571,0.0597,0.0588,0.0609,0.0634,0.0658,0.0666,0.0687,0.0701,0.0723,0.0736,0.0754,0.0752,0.0794,0.0818,0.0845,0.0837,0.0859,0.0877,0.0838,0.0871,0.0895,0.0926,0.0897,0.0888,0.0899,0.0832,0.0917,0.0862,0.0898,0.0982,0.0903,0.093,0.1191,0.1006,0.0943,0.1145,0.1169,0.1253,0.1339,0.1472,0.1546,0.1508,0.1147,0.1194,0.1151,0.1084,0.1203,0.1052,0.103,0.1085,0.0761,0.0968,0.1502,0.1287,0.1486,0.0914,0.1331,0.1116,0.1167,0.1294,0.1304,0.149,0.1209,0.117,0.1258,0.1323,0.111,0.1161,0.1033,0.1527,0.1363,0.1223,0.1257,0.1379,0.1569,0.1393,0.1256,0.1338,0.1383,0.1473,0.1776,0.1585,0.1793,0.1724,0.144,0.1684,0.186,0.1761,0.1596,0.1789,0.2152,0.2204,0.1931,0.2111,0.2091,0.2194,0.1982,0.2117,0.1855,0.2091,0.1997,0.2212,0.1878,0.189,0.2217,0.2124,0.2092,0.2221,0.2136,0.196,0.25,0.184,0.1966,0.2322,0.2495,0.1813
B11,0.0462,0.0478,0.0495,0.0518,0.0543,0.0553,0.0568,0.0576,0.06,0.0609,0.0647,0.0685,0.0695,0.0725,0.0798,0.0831,0.0862,0.0866,0.0883,0.0909,0.0932,0.0945,0.0947,0.0885,0.0837,0.0863,0.0913,0.0928,0.0932,0.0922,0.0969,0.1086,0.1183,0.1215,0.12,0.1138,0.1141,0.1103,0.1037,0.1135,0.1287,0.1169,0.0911,0.1014,0.1194,0.1275,0.1324,0.1087,0.1266,0.1212,0.1208,0.11,0.0949,0.1182,0.0993,0.0809,0.0737,0.0755,0.074,0.0755,0.0755,0.0751,0.0741,0.0754,0.0745,0.0749,0.0749,0.0756,0.0763,0.0758,0.076,0.0768,0.0767,0.0782,0.0791,0.0784,0.0812,0.0799,0.0809,0.0821,0.0835,0.085,0.087,0.088,0.0909,0.0928,0.0943,0.0965,0.1013,0.1046,0.1076,0.1114,0.1134,0.1176,0.1162,0.1176,0.1259,0.1276,0.1301,0.1316,0.1292,0.1317,0.1324,0.1343,0.1352,0.1371,0.1371,0.1392,0.141,0.1381,0.1412,0.1415,0.1422,0.142,0.1431,0.1402,0.1445,0.1396,0.1392,0.1429,0.1406,0.1464,0.1468,0.1467,0.142,0.1435
B12,0.0451,0.0491,0.0486,0.0476,0.0467,0.0471,0.0477,0.0537,0.0499,0.0489,0.0483,0.0488,0.0492,0.0506,0.051,0.0515,0.0504,0.0518,0.0522,0.0535,0.056,0.057,0.0597,0.0629,0.0657,0.0681,0.0699,0.0733,0.0734,0.0741,0.0763,0.0788,0.0803,0.0805,0.0832,0.0846,0.088,0.0922,0.0928,0.0955,0.0976,0.096,0.099,0.0998,0.108,0.1096,0.1139,0.113,0.1137,0.109,0.1077,0.101,0.094,0.1012,0.0967,0.1025,0.0989,0.1031,0.1022,0.1411,0.1543,0.1399,0.0861,0.147,0.1422,0.1376,0.1322,0.1284,0.1134,0.1343,0.1096,0.1595,0.1198,0.1192,0.1282,0.135,0.1319,0.1121,0.112,0.1287,0.128,0.1298,0.1206,0.1719,0.139,0.1775,0.1458,0.1646,0.183,0.1457,0.1759,0.1659,0.1861,0.1931,0.2019,0.1938,0.216,0.2247,0.2002,0.1649,0.204,0.2134,0.2242,0.1899,0.194,0.1863,0.2345,0.2351,0.2258,0.2345,0.2573,0.2374,0.2066,0.3284,0.2506,0.23,0.2248,0.2486,0.3158,0.2945,0.3013,0.2457,0.2615,0.2559,0.3002,0.3272
C1,0.0474,0.049,0.0502,0.0535,0.0564,0.0595,0.0665,0.0731,0.0794,0.0856,0.0914,0.0963,0.1008,0.106,0.111,0.1182,0.1244,0.1295,0.1358,0.1407,0.1453,0.1475,0.1471,0.1468,0.157,0.1563,0.1629,0.1706,0.1759,0.1726,0.1679,0.176,0.1776,0.1729,0.1729,0.1737,0.1745,0.1771,0.1793,0.181,0.1816,0.1833,0.1848,0.1874,0.189,0.1909,0.1938,0.1965,0.1986,0.2014,0.2046,0.2058,0.2082,0.2111,0.2122,0.2146,0.2173,0.2199,0.2223,0.225,0.2269,0.2277,0.2303,0.2298,0.2319,0.2332,0.2368,0.2382,0.2401,0.2439,0.2449,0.2453,0.2474,0.2505,0.2505,0.2549,0.2578,0.2591,0.2632,0.2636,0.2659,0.2714,0.2718,0.2734,0.2776,0.2769,0.2795,0.2824,0.282,0.2865,0.2886,0.2885,0.2909,0.2937,0.2934,0.2935,0.2966,0.2999,0.2984,0.302,0.3041,0.3047,0.306,0.3061,0.3049,0.3043,0.3061,0.3106,0.3132,0.3119,0.3113,0.3114,0.3126,0.3149,0.3177,0.3194,0.3168,0.3225,0.3242,0.3257,0.3285,0.328,0.3306,0.3313,0.332,0.333
C2,0.0493,0.054,0.0556,0.0604,0.0636,0.0675,0.0694,0.0713,0.0729,0.075,0.0771,0.08,0.0822,0.0851,0.0886,0.0926,0.0971,0.101,0.1053,0.1093,0.114,0.1192,0.1224,0.126,0.1277,0.1317,0.1339,0.1377,0.1412,0.1455,0.1477,0.1516,0.1649,0.1629,0.1641,0.1666,0.1685,0.1742,0.1752,0.1785,0.1811,0.1835,0.1857,0.1865,0.188,0.1902,0.1924,0.196,0.198,0.1993,0.196,0.1936,0.1925,0.1916,0.1913,0.1903,0.1919,0.1933,0.1949,0.1941,0.1967,0.1983,0.2023,0.2038,0.207,0.2098,0.216,0.2203,0.2209,0.2264,0.227,0.23,0.2342,0.237,0.2396,0.2431,0.2458,0.2476,0.2521,0.2543,0.2558,0.2627,0.2664,0.2686,0.2744,0.276,0.2778,0.2813,0.2827,0.2867,0.2892,0.2919,0.2962,0.2997,0.3004,0.3061,0.3061,0.3107,0.3114,0.3148,0.3182,0.3193,0.3237,0.3264,0.328,0.3295,0.335,0.3357,0.3417,0.3437,0.3437,0.3467,0.348,0.352,0.3545,0.3582,0.3602,0.3639,0.3678,0.3719,0.3746,0.3745,0.3738,0.3766,0.3799,0.3847
C3,0.0504,0.0534,0.0533,0.0562,0.0564,0.0613,0.0644,0.0664,0.0721,0.0784,0.082,0.0848,0.0883,0.0928,0.0977,0.1022,0.1061,0.1106,0.1176,0.1249,0.1281,0.1354,0.1377,0.1462,0.144,0.149,0.1485,0.1545,0.1575,0.1686,0.1582,0.16,0.1615,0.1632,0.1667,0.1716,0.1776,0.1776,0.1813,0.1858,0.1883,0.1916,0.1944,0.1994,0.2036,0.2074,0.2102,0.2132,0.2162,0.2195,0.2231,0.2265,0.2297,0.2328,0.2357,0.239,0.2423,0.2453,0.249,0.2525,0.255,0.2582,0.2613,0.2635,0.2657,0.2691,0.2719,0.275,0.2784,0.2815,0.2843,0.2875,0.2902,0.2936,0.2968,0.2993,0.3017,0.3046,0.308,0.3107,0.315,0.3177,0.3206,0.3236,0.327,0.3298,0.334,0.3374,0.3395,0.342,0.3441,0.3485,0.3523,0.3535,0.3551,0.3567,0.3594,0.3632,0.3671,0.3715,0.3751,0.3768,0.3797,0.3829,0.385,0.3874,0.3896,0.3917,0.3946,0.3987,0.4003,0.4025,0.4029,0.4027,0.405,0.4068,0.4082,0.411,0.415,0.4176,0.4182,0.4212,0.4243,0.427,0.4276,0.431
C4,0.0477,0.05,0.0491,0.0501,0.0514,0.055,0.0585,0.0618,0.0653,0.0677,0.0709,0.0738,0.0776,0.0842,0.0879,0.0935,0.0993,0.1031,0.1085,0.113,0.1184,0.1236,0.1302,0.1345,0.1388,0.1429,0.1459,0.1555,0.1518,0.1534,0.1581,0.1601,0.1633,0.1726,0.1685,0.1731,0.1755,0.1768,0.1791,0.1817,0.1854,0.1882,0.1906,0.1927,0.1956,0.198,0.2001,0.2034,0.207,0.2101,0.213,0.2158,0.2187,0.2215,0.2236,0.2267,0.2296,0.2316,0.2344,0.2366,0.2392,0.242,0.2448,0.247,0.2495,0.2519,0.2543,0.2567,0.259,0.261,0.2633,0.266,0.2684,0.2706,0.2729,0.2752,0.276,0.2794,0.2828,0.2841,0.2868,0.2897,0.292,0.2945,0.2975,0.2995,0.3025,0.3066,0.3087,0.3114,0.3137,0.3164,0.3202,0.3239,0.3256,0.3301,0.3323,0.3363,0.3394,0.3422,0.3447,0.3451,0.3483,0.3518,0.3518,0.3538,0.3578,0.3604,0.3623,0.3645,0.3657,0.3659,0.3684,0.3695,0.3706,0.3716,0.3699,0.3761,0.3802,0.3818,0.3836,0.3848,0.3878,0.3895,0.3904,0.3925
C5,0.048,0.049,0.0501,0.051,0.0538,0.0558,0.0624,0.067,0.071,0.0726,0.0747,0.0774,0.0788,0.0818,0.0843,0.089,0.0925,0.0953,0.1002,0.1049,0.1093,0.1144,0.1197,0.124,0.1275,0.1316,0.136,0.1409,0.1457,0.1477,0.1503,0.1533,0.1536,0.1578,0.1692,0.1665,0.1705,0.1719,0.1775,0.1823,0.1898,0.1895,0.193,0.197,0.201,0.205,0.2086,0.2126,0.2158,0.2191,0.2218,0.2256,0.2286,0.2316,0.2347,0.2369,0.2398,0.2418,0.2445,0.2476,0.2504,0.253,0.2542,0.2577,0.2601,0.2633,0.2669,0.2699,0.2734,0.2761,0.2798,0.2832,0.2867,0.2894,0.2933,0.2967,0.3,0.3035,0.3069,0.3103,0.3151,0.3191,0.3222,0.3267,0.3327,0.3368,0.3421,0.347,0.3516,0.3558,0.3615,0.3662,0.3724,0.3775,0.3819,0.3899,0.3942,0.3999,0.4021,0.4077,0.4112,0.4147,0.4203,0.4238,0.4275,0.4309,0.4356,0.4422,0.4463,0.4513,0.4553,0.4595,0.4622,0.4656,0.4695,0.4753,0.4816,0.4877,0.4951,0.4996,0.5062,0.5109,0.5149,0.5215,0.5234,0.5286
C6,0.0457,0.0465,0.0471,0.0476,0.0487,0.0502,0.0522,0.0564,0.059,0.06,0.0626,0.064,0.066,0.0685,0.0716,0.0736,0.0762,0.0793,0.0829,0.0868,0.0898,0.0944,0.0989,0.1029,0.1078,0.112,0.1154,0.1195,0.1231,0.1274,0.1308,0.134,0.1367,0.1398,0.1427,0.1447,0.1495,0.1513,0.1527,0.153,0.1556,0.1582,0.1584,0.1617,0.1648,0.163,0.1653,0.1651,0.1649,0.1666,0.1643,0.1659,0.1664,0.1684,0.1723,0.1678,0.1687,0.1753,0.1732,0.1717,0.175,0.1752,0.1775,0.1774,0.1807,0.182,0.1857,0.1833,0.1826,0.1872,0.1852,0.1891,0.1889,0.1893,0.1922,0.193,0.1937,0.1941,0.1949,0.1923,0.1941,0.1962,0.198,0.2004,0.2034,0.2062,0.2092,0.2149,0.2195,0.2243,0.2312,0.2373,0.2446,0.2487,0.2545,0.2608,0.2685,0.2742,0.2818,0.2877,0.294,0.3,0.3052,0.31,0.3149,0.3224,0.3284,0.3339,0.3401,0.3483,0.3543,0.3622,0.3662,0.371,0.3789,0.3859,0.395,0.4038,0.4129,0.4212,0.4316,0.4396,0.4483,0.4572,0.4694,0.4829
C7,0.0453,0.0471,0.0482,0.0499,0.051,0.0574,0.0609,0.0644,0.0699,0.0723,0.0771,0.082,0.087,0.0898,0.0948,0.0975,0.0967,0.1009,0.1003,0.1097,0.1167,0.1361,0.1442,0.153,0.1254,0.125,0.1471,0.1503,0.1522,0.1613,0.1671,0.1757,0.1691,0.1697,0.1757,0.182,0.193,0.2031,0.201,0.228,0.2095,0.2307,0.2366,0.2584,0.2605,0.2679,0.2774,0.2656,0.26,0.2558,0.2514,0.2466,0.253,0.2568,0.2614,0.2647,0.2715,0.2779,0.2842,0.293,0.3001,0.3125,0.3228,0.3332,0.3439,0.3574,0.373,0.3877,0.4064,0.4251,0.4436,0.4636,0.4874,0.5164,0.5414,0.5653,0.5971,0.6262,0.651,0.6757,0.7035,0.7265,0.7545,0.7774,0.8021,0.817,0.8351,0.8588,0.8719,0.8941,0.8985,0.9023,0.9179,0.9281,0.9377,0.9464,0.9502,0.9564,0.9893,0.9871,0.9754,0.9675,0.9767,0.9979,0.9859,0.9908,0.9997,1.0099,1.029,1.0423,1.0484,1.0637,1.055,1.0668,1.0637,1.0746,1.0771,1.0865,1.1038,1.1152,1.1266,1.1414,1.1249,1.1227,1.1484,1.1359
C8,0.0463,0.0479,0.0491,0.0498,0.0512,0.0551,0.0587,0.0607,0.0579,0.057,0.0617,0.0611,0.0611,0.0644,0.0678,0.0718,0.0757,0.0724,0.0911,0.0959,0.104,0.1119,0.096,0.0899,0.0979,0.1106,0.1156,0.1064,0.1249,0.123,0.1165,0.1285,0.1447,0.1149,0.1208,0.1595,0.1656,0.1696,0.1785,0.1908,0.2143,0.1892,0.2048,0.2389,0.2152,0.2177,0.249,0.2388,0.2305,0.2227,0.2182,0.2137,0.2203,0.2257,0.2312,0.2374,0.2541,0.2711,0.2759,0.2884,0.2947,0.3012,0.3091,0.3169,0.3282,0.3415,0.3551,0.3702,0.3823,0.4022,0.4194,0.437,0.4577,0.48,0.5087,0.5387,0.5682,0.6001,0.6346,0.6642,0.697,0.7207,0.7529,0.778,0.8077,0.8249,0.8481,0.8714,0.8884,0.9165,0.9366,0.9503,0.96,0.9754,0.9855,0.9963,1.0044,1.014,1.0211,1.0393,1.0537,1.0612,1.0771,1.103,1.1353,1.1199,1.1069,1.1025,1.1078,1.1099,1.1,1.0768,1.0847,1.0799,1.0686,1.0573,1.0581,1.059,1.0506,1.0414,1.0302,1.0124,1.0005,1.0038,0.9966,0.9924
C9,0.0477,0.0496,0.0513,0.0541,0.059,0.0626,0.0656,0.07,0.0719,0.0742,0.077,0.0791,0.0816,0.0844,0.0886,0.0948,0.1002,0.1054,0.1097,0.116,0.1145,0.1222,0.1233,0.1319,0.134,0.1352,0.1435,0.1433,0.1481,0.1484,0.1527,0.1607,0.1625,0.1638,0.1721,0.1786,0.1829,0.1928,0.2017,0.2092,0.2174,0.2224,0.2287,0.2363,0.2477,0.2553,0.264,0.2769,0.2905,0.2997,0.3096,0.3256,0.3331,0.3416,0.3544,0.3716,0.3879,0.4049,0.4184,0.4345,0.4546,0.4735,0.4977,0.5198,0.543,0.5676,0.5972,0.6238,0.6509,0.6831,0.7085,0.7389,0.7673,0.7972,0.8285,0.8553,0.8781,0.9028,0.9145,0.9305,0.9568,0.9658,0.9645,0.9723,0.9908,1.0046,1.0152,1.022,1.0263,1.033,1.041,1.0433,1.0548,1.0701,1.0765,1.0838,1.0999,1.0978,1.1048,1.1558,1.1588,1.1642,1.1856,1.18,1.1762,1.1678,1.1732,1.1678,1.1725,1.1631,1.1588,1.1683,1.1704,1.1847,1.1851,1.2119,1.2102,1.2181,1.2231,1.2358,1.2346,1.2422,1.2388,1.2482,1.2748,1.2862
C10,0.0462,0.048,0.0497,0.052,0.0564,0.0605,0.0596,0.0614,0.062,0.0621,0.0636,0.0634,0.0634,0.0661,0.0692,0.0716,0.075,0.0769,0.0803,0.0844,0.0931,0.0963,0.1035,0.1042,0.1112,0.1116,0.1148,0.1142,0.1155,0.118,0.1207,0.1261,0.1313,0.1317,0.1332,0.1391,0.1449,0.1553,0.1581,0.1677,0.1709,0.1784,0.1843,0.1995,0.1996,0.2094,0.2168,0.2311,0.2448,0.2552,0.2583,0.2606,0.2677,0.2797,0.2888,0.3013,0.3077,0.3123,0.3188,0.3255,0.3316,0.3642,0.3763,0.3817,0.3957,0.4101,0.4248,0.4335,0.4444,0.4656,0.4784,0.4952,0.5111,0.5306,0.5556,0.578,0.5964,0.6267,0.6592,0.6752,0.7124,0.7403,0.7665,0.7911,0.8121,0.8331,0.856,0.8744,0.8902,0.9199,0.939,0.9478,0.9492,0.9652,0.9755,0.9851,1.0021,1.0224,1.0345,1.0412,1.0445,1.042,1.0592,1.0713,1.0854,1.1008,1.1169,1.1286,1.1563,1.1735,1.1587,1.1572,1.153,1.1367,1.1331,1.093,1.0778,1.1383,1.1474,1.1443,1.1979,1.1724,1.09,1.1759,1.1871,1.2107
C11,0.0475,0.0495,0.0508,0.0546,0.0586,0.0612,0.0636,0.062,0.0575,0.0589,0.0623,0.0629,0.0624,0.0678,0.0676,0.0721,0.0758,0.0819,0.0831,0.0874,0.0954,0.0992,0.1049,0.11,0.1168,0.1219,0.1273,0.1336,0.1369,0.1399,0.1451,0.1522,0.1639,0.1617,0.1744,0.1767,0.1844,0.19,0.1891,0.1879,0.1999,0.2051,0.2158,0.2273,0.2351,0.2441,0.2502,0.2582,0.2665,0.2845,0.2929,0.3158,0.331,0.3382,0.3537,0.3683,0.3809,0.4041,0.4181,0.4295,0.4455,0.4646,0.4854,0.5013,0.5207,0.5469,0.5691,0.5925,0.6195,0.6487,0.6704,0.6983,0.7321,0.7637,0.7933,0.816,0.8341,0.8532,0.882,0.8927,0.9116,0.9342,0.9476,0.95,0.9651,0.9838,1.0072,1.0016,1.0123,1.0228,1.029,1.0291,1.028,1.0432,1.0534,1.0665,1.064,1.0673,1.0809,1.1117,1.1356,1.1022,1.1184,1.1205,1.12,1.0931,1.1093,1.1199,1.1198,1.1043,1.1067,1.1143,1.1249,1.1136,1.0938,1.0841,1.0619,1.0679,1.0401,1.0256,1.0691,1.0957,1.0833,1.0538,1.0266,1.0294
C12,0.0451,0.0461,0.0467,0.0468,0.0467,0.0465,0.047,0.0477,0.0483,0.0483,0.0491,0.0489,0.0503,0.0512,0.052,0.0527,0.0541,0.0557,0.0582,0.058,0.0623,0.064,0.068,0.0734,0.0758,0.08,0.0877,0.0931,0.0997,0.1039,0.112,0.1206,0.1194,0.1157,0.1116,0.1093,0.1222,0.1394,0.1148,0.1396,0.1407,0.1264,0.1709,0.1439,0.1464,0.1417,0.1902,0.1824,0.1867,0.1752,0.2185,0.2041,0.2513,0.2541,0.2619,0.2341,0.2439,0.2504,0.2456,0.2401,0.2825,0.2593,0.3047,0.2731,0.2901,0.319,0.3184,0.3533,0.2976,0.3227,0.3358,0.3384,0.3454,0.3566,0.3728,0.3882,0.4034,0.4244,0.4466,0.4705,0.498,0.526,0.5548,0.5872,0.6172,0.6473,0.6817,0.713,0.7381,0.7665,0.7933,0.8155,0.8329,0.8534,0.8692,0.8895,0.9064,0.9377,0.9503,0.9688,0.9899,1.002,1.0243,1.0464,1.0659,1.063,1.0555,1.0597,1.2003,1.2306,1.1815,1.2368,1.2255,1.2602,1.2358,1.2483,1.2271,1.2034,1.1836,1.1294,1.1501,1.1118,1.1179,1.1428,1.1492,1.1257
D1,0.0498,0.0521,0.0535,0.0555,0.0646,0.0655,0.0686,0.0774,0.0843,0.0877,0.0895,0.094,0.0947,0.0938,0.0888,0.0909,0.1086,0.1234,0.1288,0.1221,0.114,0.1096,0.1023,0.0966,0.0976,0.0996,0.1006,0.1038,0.1055,0.1049,0.1071,0.1078,0.1088,0.1106,0.1118,0.1128,0.1149,0.1165,0.1196,0.1211,0.1218,0.1235,0.126,0.1276,0.1295,0.1312,0.1337,0.1355,0.1382,0.1405,0.1426,0.1444,0.1463,0.1481,0.1498,0.1517,0.1538,0.1554,0.1575,0.1587,0.1599,0.1616,0.1634,0.1641,0.1668,0.1702,0.1791,0.1799,0.1806,0.1806,0.1834,0.1884,0.1898,0.1971,0.1953,0.192,0.193,0.1937,0.1955,0.1973,0.2012,0.2019,0.2042,0.2047,0.2089,0.21,0.2099,0.2128,0.2165,0.2168,0.2195,0.2197,0.22,0.2243,0.2261,0.2301,0.2315,0.2321,0.2348,0.2375,0.239,0.2405,0.2434,0.2478,0.2493,0.2531,0.2555,0.2571,0.2609,0.263,0.2659,0.27,0.2738,0.2773,0.2793,0.2827,0.2844,0.2897,0.2944,0.2983,0.3026,0.3086,0.312,0.3164,0.3222,0.328
D2,0.0533,0.0561,0.0595,0.0633,0.068,0.0727,0.0757,0.079,0.0825,0.0856,0.0884,0.0919,0.0954,0.0992,0.1027,0.1086,0.1135,0.1187,0.1228,0.128,0.1339,0.1373,0.1409,0.1422,0.1457,0.1486,0.1514,0.1524,0.1548,0.1551,0.1572,0.1592,0.1618,0.1636,0.1719,0.1683,0.1712,0.1709,0.173,0.1767,0.1769,0.1791,0.1819,0.1846,0.1875,0.1904,0.1936,0.1971,0.2004,0.2029,0.2058,0.209,0.212,0.2152,0.2169,0.2198,0.2228,0.2255,0.2291,0.2326,0.2347,0.2376,0.2414,0.2443,0.2473,0.2497,0.2517,0.2542,0.2562,0.2588,0.2609,0.2637,0.2669,0.2689,0.2721,0.2746,0.2781,0.2795,0.2828,0.2852,0.2888,0.2918,0.2946,0.2965,0.3,0.3028,0.3058,0.3085,0.3119,0.316,0.3203,0.3233,0.3261,0.3286,0.3318,0.3325,0.3376,0.3402,0.3426,0.3436,0.3481,0.351,0.3532,0.3556,0.3572,0.3583,0.3602,0.3614,0.3644,0.3663,0.368,0.3694,0.3713,0.3721,0.3733,0.3778,0.3789,0.3789,0.3797,0.3832,0.3853,0.3845,0.3865,0.3898,0.3937,0.3958
D3,0.0529,0.0557,0.0595,0.0588,0.0622,0.0651,0.068,0.0707,0.074,0.0765,0.0796,0.0825,0.0859,0.0896,0.0942,0.1019,0.1081,0.1144,0.1188,0.1259,0.1305,0.1341,0.1361,0.1411,0.1476,0.1522,0.1532,0.1562,0.1597,0.1644,0.1647,0.17,0.1712,0.1731,0.1746,0.1763,0.1801,0.1824,0.1846,0.1873,0.1906,0.1939,0.1974,0.201,0.2052,0.2088,0.2127,0.2164,0.22,0.2235,0.2278,0.231,0.2348,0.238,0.241,0.2444,0.2484,0.2523,0.2557,0.2593,0.2625,0.2653,0.2687,0.272,0.2758,0.2784,0.2823,0.2854,0.2882,0.2916,0.2948,0.298,0.3011,0.3042,0.3077,0.3118,0.3153,0.3184,0.323,0.3265,0.3303,0.3345,0.3388,0.3434,0.3482,0.3528,0.3578,0.3629,0.3676,0.3733,0.3795,0.3837,0.3896,0.3967,0.4022,0.4073,0.4143,0.42,0.4249,0.4309,0.4379,0.444,0.451,0.4583,0.4647,0.4703,0.4774,0.4824,0.4917,0.4968,0.5042,0.5101,0.5182,0.5266,0.5325,0.5398,0.5462,0.5528,0.5604,0.5667,0.5738,0.5802,0.5884,0.5953,0.6024,0.6086
D4,0.0613,0.0653,0.0681,0.0702,0.0735,0.0771,0.0802,0.0814,0.0846,0.0869,0.09,0.0922,0.0938,0.0967,0.1012,0.1076,0.1163,0.1203,0.1257,0.1309,0.1342,0.1389,0.144,0.1476,0.1544,0.155,0.1605,0.1681,0.1632,0.166,0.1709,0.1741,0.1731,0.1836,0.1766,0.1778,0.1812,0.1846,0.1885,0.1925,0.1968,0.202,0.2053,0.2107,0.2143,0.219,0.2221,0.2278,0.2321,0.2359,0.2407,0.245,0.2491,0.2537,0.2576,0.2618,0.2665,0.2719,0.2759,0.2806,0.2848,0.2899,0.2951,0.3005,0.3052,0.3098,0.3148,0.3199,0.326,0.3316,0.3374,0.3446,0.3515,0.3573,0.365,0.3726,0.3795,0.3885,0.3982,0.4048,0.4132,0.4208,0.4293,0.4389,0.4488,0.4582,0.4681,0.4783,0.4879,0.5008,0.5139,0.5249,0.538,0.5497,0.5631,0.5789,0.5933,0.606,0.6203,0.6345,0.6492,0.6639,0.6804,0.697,0.7104,0.7243,0.7391,0.7477,0.7628,0.7718,0.7835,0.7926,0.8026,0.8127,0.8169,0.8243,0.8257,0.8283,0.8303,0.8356,0.8358,0.8402,0.8403,0.8397,0.8402,0.8393
D5,0.0528,0.0552,0.0574,0.0596,0.0617,0.0636,0.065,0.0679,0.0714,0.0748,0.0775,0.0792,0.0823,0.0848,0.089,0.0928,0.0976,0.1026,0.108,0.1143,0.1197,0.1252,0.1294,0.1345,0.1377,0.1397,0.1447,0.1494,0.1525,0.1518,0.1532,0.1556,0.1592,0.1618,0.1654,0.1698,0.1709,0.1735,0.1757,0.1785,0.1814,0.1856,0.1889,0.1933,0.1971,0.2016,0.2055,0.2104,0.2145,0.2186,0.2225,0.2266,0.2305,0.2342,0.2382,0.2418,0.2457,0.2504,0.2535,0.2571,0.2605,0.265,0.2688,0.2729,0.2772,0.2812,0.2856,0.2898,0.2938,0.2987,0.3029,0.3077,0.3131,0.3171,0.3226,0.3282,0.3337,0.3391,0.3459,0.3505,0.3575,0.3654,0.3727,0.3816,0.3904,0.3989,0.408,0.4184,0.429,0.4402,0.4514,0.4629,0.4744,0.4867,0.4997,0.515,0.5283,0.5422,0.5573,0.5742,0.5905,0.6059,0.624,0.6458,0.6623,0.6828,0.7031,0.7211,0.7426,0.7601,0.7799,0.7984,0.8176,0.8342,0.8486,0.8598,0.8677,0.8748,0.8809,0.888,0.8927,0.8953,0.9005,0.9053,0.9142,0.9213
D6,0.0542,0.0559,0.0575,0.0602,0.0628,0.0665,0.0709,0.0732,0.0759,0.0787,0.0819,0.0855,0.0879,0.091,0.0957,0.0999,0.1067,0.1115,0.1168,0.1221,0.1267,0.1316,0.136,0.1407,0.1432,0.1465,0.151,0.1527,0.1562,0.158,0.1622,0.1639,0.1699,0.1727,0.1778,0.1806,0.1841,0.1887,0.193,0.198,0.2035,0.2085,0.2147,0.2206,0.2259,0.2319,0.2378,0.2445,0.2505,0.2578,0.2645,0.2716,0.2793,0.2865,0.2952,0.3032,0.3124,0.3215,0.3312,0.3442,0.3577,0.3707,0.384,0.3983,0.4134,0.4292,0.4465,0.4654,0.4828,0.5053,0.5261,0.5481,0.5716,0.5981,0.624,0.651,0.6774,0.7045,0.7371,0.7612,0.7848,0.8103,0.8311,0.8515,0.873,0.8853,0.8971,0.9103,0.9202,0.9312,0.9414,0.9426,0.9441,0.9519,0.9558,0.9683,0.9728,0.9818,0.9912,1.0067,1.0142,1.0174,1.0299,1.0413,1.0592,1.0822,1.0879,1.0781,1.0702,1.0665,1.0444,1.0393,1.0497,1.0152,0.9968,0.9699,0.9633,0.9409,0.9221,0.9166,0.9211,0.9072,0.9031,0.9001,0.9046,0.8968
D7,0.0548,0.0557,0.0566,0.0572,0.0579,0.0588,0.0608,0.0651,0.0622,0.073,0.0664,0.0679,0.0704,0.0712,0.0725,0.0781,0.0803,0.0851,0.0915,0.0957,0.1106,0.1013,0.101,0.1057,0.1131,0.1165,0.1186,0.1352,0.1436,0.1406,0.1406,0.1597,0.1566,0.1685,0.1768,0.1863,0.1816,0.2095,0.2161,0.2406,0.2557,0.259,0.2715,0.2871,0.2973,0.3,0.3072,0.3116,0.319,0.331,0.3324,0.343,0.3581,0.373,0.3973,0.4203,0.4474,0.4787,0.5155,0.5484,0.5819,0.6189,0.6549,0.6899,0.7198,0.7488,0.7767,0.8009,0.8199,0.8388,0.8515,0.8746,0.8936,0.9191,0.9417,0.9658,0.9705,0.9803,0.9811,0.9893,0.9934,0.9987,1.0005,0.9988,1.0053,1.0127,1.0251,1.0231,1.0151,1.019,1.0404,1.0817,1.0904,1.1187,1.1227,1.121,1.1067,1.0955,1.0678,1.0624,1.0847,1.0916,1.0885,1.1098,1.1201,1.096,1.0704,1.0801,1.0899,1.0775,1.055,1.0853,1.1691,1.1704,1.133,1.1327,1.1876,1.1238,1.1675,1.129,1.1343,1.1531,1.1449,1.1767,1.1432,1.1661
D8,0.0514,0.0529,0.054,0.0555,0.0563,0.0556,0.0577,0.0584,0.0678,0.0663,0.067,0.0631,0.0663,0.0694,0.0708,0.0736,0.0739,0.0838,0.0872,0.0854,0.0896,0.0846,0.1102,0.1166,0.0986,0.1115,0.1273,0.1119,0.1183,0.1264,0.1351,0.1225,0.1334,0.1444,0.1514,0.1499,0.173,0.1595,0.2047,0.1997,0.2177,0.2167,0.2246,0.2281,0.2312,0.266,0.3033,0.2962,0.324,0.314,0.3055,0.3634,0.3265,0.3357,0.3455,0.3558,0.3778,0.4,0.4201,0.4427,0.472,0.5007,0.5301,0.565,0.608,0.6369,0.6741,0.7035,0.7397,0.7788,0.8091,0.83,0.8476,0.8686,0.88,0.8968,0.9122,0.9127,0.9429,0.9612,0.9833,0.997,1.0052,1.0108,1.0166,1.0287,1.0267,0.9915,1.0469,1.0203,0.9902,1.0215,1.0713,1.057,1.1109,1.127,1.1574,1.1923,1.2312,1.2548,1.2216,1.1909,1.2139,1.1793,1.1901,1.1746,1.1749,1.1738,1.1924,1.1843,1.1832,1.1791,1.1909,1.1773,1.1869,1.1948,1.2289,1.2329,1.2234,1.2157,1.2053,1.2147,1.2088,1.2077,1.2057,1.2155
D9,0.0551,0.0568,0.0581,0.0593,0.0616,0.064,0.0655,0.0658,0.0675,0.0682,0.0712,0.0706,0.0716,0.075,0.0792,0.0805,0.0817,0.0846,0.0894,0.092,0.0996,0.1095,0.1135,0.1216,0.1249,0.1382,0.1424,0.1501,0.1245,0.1321,0.1526,0.1483,0.1492,0.1513,0.157,0.1661,0.1744,0.18,0.1877,0.1949,0.208,0.2299,0.2366,0.2562,0.2849,0.2768,0.2876,0.3048,0.2945,0.2877,0.3178,0.3673,0.384,0.388,0.4044,0.3956,0.3959,0.3958,0.4072,0.4179,0.4321,0.4531,0.4764,0.5066,0.5392,0.5671,0.6,0.6402,0.6741,0.7107,0.7486,0.7781,0.8029,0.8333,0.8505,0.873,0.8958,0.9156,0.9319,0.9527,0.9753,0.9964,1.014,1.0239,1.038,1.0454,1.0463,1.0559,1.065,1.0701,1.0842,1.0922,1.0766,1.0816,1.1003,1.14,1.1185,1.1018,1.0866,1.0638,1.0756,1.0722,1.0823,1.1008,1.1205,1.1388,1.1612,1.1643,1.166,1.1528,1.1597,1.1366,1.1177,1.1663,1.2082,1.1633,1.136,1.1152,1.1432,1.1189,1.08,1.0518,1.0283,1.0128,1.0316,1.0283
D10,0.0506,0.0542,0.0525,0.0539,0.0574,0.0584,0.0583,0.0604,0.0608,0.0615,0.0632,0.0644,0.0662,0.0716,0.0779,0.0827,0.0877,0.0821,0.0869,0.0946,0.1012,0.1116,0.1161,0.1194,0.1121,0.118,0.1202,0.1255,0.1248,0.1274,0.1342,0.1428,0.1497,0.1563,0.1594,0.1782,0.1966,0.2028,0.2119,0.2085,0.2119,0.2185,0.2627,0.2735,0.2877,0.3015,0.3243,0.3421,0.362,0.3927,0.4101,0.4205,0.4323,0.4408,0.4683,0.4846,0.5125,0.5396,0.5671,0.5968,0.6264,0.658,0.6952,0.7299,0.7633,0.7927,0.8221,0.8477,0.8677,0.9014,0.9142,0.9288,0.9547,0.9772,0.9907,1.0057,1.0259,1.0368,1.0458,1.0485,1.0474,1.0472,1.0489,1.0414,1.0437,1.0372,1.0315,1.0279,1.0368,1.0292,1.0372,1.077,1.1259,1.1349,1.1082,1.101,1.0739,1.1182,1.1863,1.2053,1.1778,1.1781,1.1684,1.1881,1.186,1.1811,1.2085,1.2258,1.2071,1.1843,1.1542,1.1333,1.1263,1.147,1.2669,1.3086,1.2403,1.1832,1.208,1.1882,1.1612,1.2247,1.2815,1.1786,1.1705,1.1326
D11,0.0516,0.0537,0.0539,0.0543,0.056,0.056,0.0569,0.0576,0.0581,0.0598,0.0598,0.0616,0.0625,0.0643,0.0668,0.0673,0.0702,0.0738,0.08,0.084,0.0899,0.1018,0.1106,0.1187,0.1141,0.1129,0.1161,0.1219,0.1256,0.1303,0.1383,0.1455,0.1421,0.136,0.1522,0.1758,0.1799,0.191,0.2036,0.2139,0.2243,0.2251,0.2374,0.2579,0.2759,0.3004,0.311,0.3501,0.3785,0.3889,0.4199,0.4293,0.4338,0.4472,0.4756,0.5025,0.548,0.5825,0.6096,0.6346,0.6712,0.6997,0.7441,0.7988,0.7992,0.834,0.8355,0.8474,0.8609,0.8928,0.9127,0.9326,0.9471,0.9754,1.0023,1.0197,1.0358,1.0406,1.0479,1.0601,1.0621,1.0651,1.077,1.0874,1.0916,1.103,1.1082,1.1071,1.1117,1.1129,1.1245,1.1316,1.1306,1.1371,1.1383,1.1535,1.1508,1.1601,1.1796,1.1796,1.1756,1.1721,1.1733,1.183,1.177,1.1838,1.1955,1.1956,1.215,1.2048,1.1957,1.193,1.2061,1.2018,1.1829,1.224,1.2495,1.2405,1.2404,1.2739,1.2574,1.2212,1.2588,1.2511,1.2986,1.2489
D12,0.0626,0.0544,0.0534,0.0576,0.066,0.0731,0.0782,0.0591,0.0669,0.0574,0.0581,0.0631,0.0687,0.0691,0.0709,0.0756,0.0752,0.0787,0.0818,0.0869,0.0979,0.099,0.1105,0.1131,0.1126,0.1226,0.1177,0.1335,0.1243,0.1187,0.1261,0.1349,0.1258,0.1368,0.1377,0.1465,0.1584,0.1705,0.1696,0.1693,0.1903,0.2067,0.225,0.2422,0.259,0.2758,0.2887,0.3191,0.3574,0.3541,0.41,0.4231,0.4298,0.4153,0.4682,0.4955,0.5184,0.5401,0.5656,0.592,0.634,0.6533,0.6852,0.7466,0.7457,0.7713,0.8001,0.8106,0.8263,0.8562,0.8697,0.8902,0.9101,0.9292,0.949,0.9895,1.0538,1.0355,1.06,1.1287,1.1095,1.0833,1.0379,1.1643,1.1602,1.1748,1.1252,1.2315,1.3137,1.3042,1.2544,1.3084,1.3266,1.2943,1.2783,1.3247,1.2703,1.2738,1.2852,1.2593,1.2678,1.2578,1.2491,1.2595,1.2745,1.2521,1.2226,1.2174,1.2499,1.1934,1.1691,1.1624,1.1507,1.1689,1.1558,1.1633,1.1488,1.1551,1.1423,1.1469,1.1467,1.1402,1.1332,1.1393,1.1381,1.1331
E1,0.1047,0.0853,0.1177,0.107,0.0905,0.104,0.0931,0.1039,0.1158,0.117,0.1314,0.1272,0.1375,0.1362,0.1361,0.1527,0.1606,0.1803,0.1892,0.1787,0.1937,0.1895,0.2021,0.1852,0.1702,0.1771,0.2009,0.1617,0.1792,0.1953,0.2124,0.2404,0.2301,0.1318,0.122,0.123,0.1251,0.1277,0.1306,0.1351,0.1375,0.1403,0.1452,0.1472,0.1508,0.1544,0.1575,0.1607,0.1649,0.1683,0.1726,0.1762,0.1805,0.1852,0.1902,0.1932,0.1966,0.1996,0.203,0.2074,0.2109,0.2148,0.2188,0.223,0.2261,0.2296,0.2344,0.2375,0.2413,0.246,0.25,0.2542,0.2595,0.2643,0.2686,0.2751,0.2786,0.2852,0.2906,0.2958,0.3041,0.312,0.3205,0.3267,0.3314,0.3395,0.3479,0.3554,0.3636,0.3727,0.3805,0.3906,0.4008,0.411,0.4211,0.4311,0.4454,0.455,0.4672,0.4803,0.4914,0.5046,0.52,0.534,0.5502,0.5696,0.5879,0.6073,0.6285,0.6551,0.6741,0.6969,0.7254,0.7547,0.7772,0.8052,0.828,0.8446,0.8639,0.8838,0.9096,0.93,0.9383,0.9537,0.9633,0.9674
E2,0.0519,0.0559,0.0598,0.0651,0.0697,0.0731,0.0771,0.0803,0.0826,0.0859,0.0892,0.0926,0.0966,0.1008,0.1053,0.1104,0.1167,0.1244,0.1274,0.1327,0.1351,0.1372,0.1398,0.1428,0.1467,0.1494,0.1548,0.1627,0.159,0.1638,0.1707,0.1782,0.1828,0.1908,0.1977,0.202,0.2083,0.216,0.2215,0.2293,0.2355,0.2419,0.2481,0.2541,0.2598,0.2662,0.2728,0.2796,0.2868,0.2937,0.3014,0.3091,0.3176,0.3274,0.3393,0.3477,0.3584,0.3699,0.3833,0.3974,0.4123,0.4301,0.4468,0.4654,0.4849,0.5054,0.5274,0.5512,0.576,0.6026,0.6286,0.6594,0.691,0.7226,0.7536,0.7855,0.8108,0.8389,0.8592,0.8762,0.8989,0.914,0.932,0.9419,0.9624,0.9722,0.9853,0.9974,1.0119,1.0223,1.0277,1.039,1.0471,1.0534,1.0639,1.0759,1.0942,1.1141,1.1319,1.1476,1.1549,1.1553,1.1557,1.1467,1.1438,1.1463,1.1355,1.1398,1.1356,1.0952,1.0747,1.0756,1.0288,1.002,0.9743,0.9678,0.932,0.9819,0.9736,0.9843,0.9727,0.956,0.9687,0.9751,0.9801,0.991
E3,0.0468,0.0484,0.0516,0.0546,0.0569,0.0617,0.069,0.0727,0.0767,0.0785,0.0798,0.0821,0.0839,0.0856,0.0872,0.0892,0.091,0.0937,0.0962,0.1002,0.1028,0.1063,0.1112,0.1157,0.1206,0.1263,0.1325,0.1374,0.1389,0.1419,0.1429,0.1456,0.1483,0.1492,0.1496,0.1526,0.1555,0.1594,0.1642,0.1675,0.1681,0.1699,0.1721,0.1749,0.1702,0.1723,0.1768,0.1788,0.1827,0.1863,0.1899,0.1941,0.1983,0.2026,0.2072,0.2144,0.2198,0.227,0.233,0.2388,0.2451,0.2535,0.2589,0.2675,0.2725,0.279,0.2884,0.2957,0.3034,0.3129,0.3238,0.3351,0.3462,0.3579,0.3699,0.3834,0.4013,0.4178,0.434,0.4526,0.4727,0.491,0.5139,0.5392,0.5611,0.5932,0.6231,0.6537,0.6856,0.7163,0.7442,0.7701,0.7914,0.8112,0.8324,0.8457,0.8621,0.8776,0.8904,0.8979,0.904,0.9094,0.9174,0.9239,0.9317,0.9378,0.9375,0.9433,0.9529,0.9694,0.9847,1,1.015,1.0227,1.0351,1.0552,1.0567,1.0537,0.9985,0.9518,0.9471,0.9795,0.9703,0.9782,0.9566,0.9715
E4,0.0507,0.0538,0.0578,0.0612,0.0642,0.0681,0.0694,0.0711,0.0741,0.0756,0.0767,0.0786,0.0806,0.0826,0.0845,0.087,0.0883,0.0902,0.0924,0.0964,0.0994,0.1028,0.1068,0.1115,0.1162,0.1208,0.1262,0.1323,0.1368,0.1436,0.1458,0.1473,0.1496,0.1509,0.1509,0.1509,0.153,0.1567,0.1606,0.1689,0.1754,0.1778,0.1821,0.1887,0.1907,0.1946,0.1966,0.1996,0.2046,0.2085,0.2132,0.2174,0.2222,0.2263,0.2311,0.2356,0.2404,0.2444,0.2487,0.2535,0.2579,0.2627,0.2677,0.2726,0.2768,0.2823,0.2871,0.2923,0.2969,0.3031,0.3081,0.3137,0.3195,0.3262,0.3327,0.3396,0.3457,0.3528,0.36,0.3669,0.3746,0.3822,0.3907,0.4,0.41,0.4221,0.4325,0.4438,0.4547,0.4668,0.479,0.4937,0.5078,0.5224,0.5412,0.5574,0.5778,0.5984,0.6216,0.6461,0.6729,0.7011,0.7324,0.7645,0.8016,0.8336,0.8627,0.8897,0.9147,0.9353,0.9568,0.9791,0.9959,1.0148,1.0244,1.0436,1.0573,1.0761,1.1097,1.1186,1.0971,1.0627,1.0672,1.0669,1.0809,1.0873
E5,0.0554,0.0606,0.0646,0.0676,0.0721,0.077,0.0808,0.0835,0.0865,0.0894,0.092,0.095,0.0981,0.1017,0.1054,0.1096,0.1143,0.1189,0.1249,0.1309,0.1368,0.1416,0.1466,0.1499,0.1523,0.1558,0.1571,0.159,0.1616,0.1642,0.1664,0.1687,0.173,0.1777,0.1826,0.185,0.1894,0.1959,0.1968,0.2015,0.2068,0.2127,0.218,0.2244,0.2297,0.2346,0.2413,0.2467,0.2532,0.259,0.2649,0.2719,0.2779,0.283,0.2897,0.2966,0.3039,0.3113,0.3182,0.3267,0.3349,0.3454,0.3565,0.3636,0.3719,0.3831,0.395,0.4081,0.4221,0.4382,0.4541,0.4719,0.49,0.5093,0.5304,0.5526,0.5762,0.6036,0.6307,0.6601,0.6917,0.722,0.7538,0.7815,0.8081,0.833,0.8519,0.8705,0.8909,0.9067,0.9129,0.9218,0.9294,0.9277,0.9314,0.9292,0.9253,0.9193,0.9228,0.9336,0.9468,0.9586,0.9587,0.9649,0.9662,0.9448,0.9177,0.9331,0.8982,0.8669,0.9016,0.8947,0.8774,0.8759,0.8461,0.8232,0.8212,0.787,0.8017,0.8044,0.7876,0.7725,0.7686,0.7635,0.7613,0.7573
E6,0.0533,0.0556,0.0588,0.0608,0.0649,0.0679,0.0697,0.073,0.0764,0.079,0.0824,0.085,0.0879,0.0919,0.0958,0.1003,0.1056,0.1115,0.1167,0.1236,0.1273,0.1302,0.1342,0.1389,0.1419,0.1458,0.1503,0.1586,0.1587,0.1623,0.1674,0.1748,0.1827,0.1883,0.191,0.2001,0.2033,0.2092,0.2162,0.2238,0.2312,0.2383,0.2459,0.2535,0.2616,0.2718,0.2801,0.2909,0.3017,0.3122,0.3276,0.3377,0.3469,0.3596,0.3755,0.3928,0.4109,0.4324,0.4532,0.4774,0.5029,0.5286,0.5598,0.5902,0.6197,0.6541,0.6864,0.7185,0.747,0.7745,0.7965,0.8158,0.8372,0.8547,0.872,0.8866,0.8991,0.917,0.9285,0.9436,0.9577,0.9634,0.9718,0.9767,0.9878,0.9985,1.0095,1.0237,1.044,1.0704,1.0937,1.1145,1.1373,1.1382,1.1486,1.1629,1.1731,1.1753,1.1712,1.1564,1.1381,1.1172,1.0815,1.0724,1.0822,1.0911,1.127,1.1322,1.1278,1.1112,1.1002,1.0974,1.0828,1.0802,1.0575,1.0367,1.0127,1.0018,0.9994,0.9904,0.9814,0.975,0.9756,0.9614,0.9657,0.966
E7,0.0459,0.0471,0.0479,0.0487,0.0493,0.0503,0.0516,0.0528,0.053,0.0553,0.0583,0.0616,0.0648,0.0684,0.0713,0.074,0.0765,0.0794,0.0847,0.0894,0.0943,0.0989,0.1149,0.1181,0.1213,0.1381,0.1438,0.1553,0.1671,0.1695,0.1802,0.1744,0.1828,0.1882,0.1999,0.2107,0.2222,0.2398,0.2549,0.2693,0.2895,0.3115,0.3346,0.3616,0.3823,0.4003,0.4262,0.453,0.4755,0.509,0.5414,0.5767,0.6267,0.6632,0.7022,0.7438,0.7672,0.7846,0.8041,0.819,0.8454,0.8682,0.8878,0.9174,0.942,0.9581,0.9589,0.975,0.9862,0.9955,0.9966,0.9969,1.0078,1.0092,1.013,1.0186,1.0256,1.0327,1.0409,1.0432,1.0541,1.0365,1.0475,1.0339,1.034,1.0424,1.0603,1.0552,1.0496,1.0634,1.056,1.0652,1.0616,1.0616,1.0491,1.0638,1.0852,1.072,1.162,1.1544,1.1978,1.2215,1.216,1.2013,1.2465,1.2205,1.1905,1.2257,1.2137,1.2399,1.2056,1.2291,1.2465,1.2874,1.2324,1.2083,1.2328,1.3252,1.281,1.2337,1.2248,1.1744,1.1696,1.1613,1.1531,1.1925
E8,0.0474,0.0499,0.0515,0.0519,0.0547,0.0568,0.056,0.0571,0.0587,0.0609,0.0655,0.068,0.0686,0.0696,0.0723,0.0769,0.0828,0.0878,0.0923,0.0991,0.1096,0.1184,0.1272,0.1338,0.1555,0.1559,0.1456,0.1425,0.167,0.1831,0.2022,0.2178,0.2206,0.2411,0.2634,0.2458,0.2771,0.3334,0.3497,0.3657,0.3805,0.4329,0.4669,0.492,0.5149,0.5503,0.5805,0.6099,0.6435,0.6789,0.7093,0.744,0.7788,0.804,0.7947,0.8525,0.8771,0.9063,0.9268,0.9529,0.9725,0.9878,1.0114,1.0153,1.0327,1.0499,1.0569,1.0624,1.0662,1.0691,1.0721,1.0728,1.08,1.088,1.0906,1.0905,1.0982,1.1148,1.1329,1.0983,1.097,1.1253,1.1629,1.1636,1.1637,1.175,1.1309,1.1295,1.1178,1.1165,1.1228,1.1596,1.1716,1.2003,1.2017,1.1929,1.2087,1.1853,1.1894,1.182,1.1529,1.2008,1.2095,1.1979,1.2161,1.1746,1.1925,1.2118,1.1913,1.191,1.1876,1.2051,1.1798,1.201,1.1824,1.1895,1.2018,1.2019,1.1949,1.1961,1.1862,1.1955,1.2194,1.2666,1.2854,1.2163
E9,0.045,0.0464,0.0464,0.0473,0.0489,0.0495,0.0523,0.0589,0.0605,0.062,0.0637,0.0627,0.0611,0.0627,0.0644,0.0644,0.0646,0.0657,0.0679,0.0664,0.0689,0.0718,0.0733,0.0736,0.0731,0.0764,0.0797,0.0828,0.084,0.1085,0.1154,0.1204,0.1008,0.1017,0.1069,0.1141,0.1279,0.145,0.1467,0.1483,0.1844,0.1753,0.1834,0.201,0.2097,0.234,0.2629,0.2839,0.2693,0.2665,0.35,0.3828,0.3922,0.3974,0.4025,0.4764,0.4765,0.5216,0.5432,0.5545,0.5832,0.6162,0.6625,0.6957,0.6874,0.7875,0.7715,0.8106,0.8124,0.8726,0.8859,0.8766,0.9351,0.9692,0.9847,1.0015,1.0257,1.0574,1.0508,1.0881,1.1166,1.1273,1.1713,1.1299,1.1482,1.1481,1.1208,1.0698,1.0462,1.0696,1.0731,1.0903,1.126,1.1293,1.2262,1.2347,1.2604,1.2517,1.2646,1.2706,1.234,1.2266,1.2112,1.198,1.2148,1.1907,1.1779,1.1634,1.1506,1.1122,1.1105,1.105,1.1084,1.0956,1.1066,1.0771,1.0944,1.0857,1.0763,1.0675,1.0852,1.0644,1.0786,1.0634,1.073,1.0861
E10,0.0455,0.0479,0.0496,0.05,0.0585,0.0579,0.0585,0.0604,0.0609,0.0615,0.062,0.0596,0.0595,0.0612,0.0642,0.0672,0.0703,0.0707,0.0724,0.0742,0.0757,0.0715,0.077,0.0838,0.0907,0.0969,0.1012,0.0939,0.0884,0.1009,0.1116,0.1295,0.1423,0.1585,0.1165,0.1248,0.1478,0.1852,0.1544,0.1716,0.1958,0.2022,0.2206,0.2153,0.2608,0.2188,0.2572,0.3027,0.3239,0.2788,0.3948,0.4109,0.4009,0.426,0.4909,0.509,0.4919,0.5357,0.5635,0.5962,0.6729,0.656,0.6996,0.7595,0.758,0.8217,0.8552,0.8733,0.8509,0.9131,0.9584,0.9638,0.9864,0.9805,1.0082,1.0239,0.9758,1.0066,1.0176,1.0163,1.0228,1.0305,1.0601,1.0608,1.0789,1.0851,1.095,1.1187,1.1314,1.1352,1.1441,1.1427,1.1328,1.1329,1.1578,1.1386,1.1557,1.1581,1.1979,1.2011,1.2084,1.2226,1.2232,1.2051,1.2248,1.2163,1.2275,1.2092,1.2106,1.2047,1.1931,1.2077,1.1939,1.2133,1.2084,1.212,1.2336,1.2029,1.2026,1.186,1.1999,1.1886,1.157,1.1738,1.1762,1.1363
E11,0.046,0.0516,0.0485,0.056,0.0578,0.0543,0.0551,0.0576,0.0559,0.0556,0.053,0.0531,0.0533,0.057,0.0582,0.0606,0.0641,0.0673,0.0707,0.0737,0.0788,0.0804,0.0846,0.0893,0.0955,0.1013,0.112,0.1177,0.1281,0.1454,0.1562,0.1672,0.1856,0.1964,0.2066,0.2152,0.2265,0.2359,0.2431,0.2219,0.2582,0.2927,0.309,0.3328,0.3457,0.3916,0.4197,0.4245,0.4284,0.462,0.5064,0.5346,0.5579,0.5802,0.6406,0.683,0.7106,0.752,0.779,0.8102,0.8318,0.8463,0.8647,0.8695,0.8846,0.9141,0.9253,0.9299,0.9481,1.0002,1.0086,0.9859,1.0121,1.0081,1.0337,1.0515,1.0363,1.0365,1.0469,1.0433,1.0468,1.0472,1.0491,1.0434,1.0476,1.0436,1.0822,1.0889,1.1442,1.1411,1.138,1.1467,1.1751,1.1938,1.2257,1.2343,1.226,1.2404,1.2124,1.2249,1.2045,1.2031,1.1995,1.1758,1.1731,1.1727,1.1629,1.1638,1.1535,1.135,1.1299,1.1397,1.1535,1.1795,1.1744,1.1634,1.125,1.1598,1.0921,1.0715,1.1195,1.1289,1.1539,1.1146,1.0963,1.0474
E12,0.0463,0.0473,0.048,0.0487,0.0519,0.0531,0.0544,0.0532,0.0533,0.0547,0.0555,0.0573,0.0587,0.0607,0.0624,0.0658,0.071,0.0777,0.083,0.0885,0.0919,0.0937,0.0975,0.1026,0.1127,0.1214,0.1272,0.1403,0.1403,0.1386,0.143,0.1527,0.1666,0.1962,0.2151,0.2115,0.2239,0.2399,0.2588,0.2885,0.3102,0.339,0.3705,0.3934,0.4285,0.4626,0.4849,0.5226,0.5551,0.5957,0.6376,0.6754,0.7231,0.7888,0.7573,0.8107,0.8582,0.8488,0.8803,0.9426,0.9241,0.9029,0.9503,1.0019,1.0105,1.0507,1.0635,1.0613,1.0706,1.0906,1.0899,1.0742,1.0873,1.0142,1.0629,1.0691,1.1811,1.196,1.205,1.2151,1.2279,1.2756,1.2869,1.2787,1.3139,1.3092,1.2373,1.2972,1.3208,1.3048,1.2955,1.2735,1.2621,1.2406,1.2667,1.2684,1.2578,1.2519,1.1845,1.1744,1.1953,1.1773,1.1984,1.1592,1.1672,1.1406,1.1688,1.1204,1.1406,1.1695,1.1166,1.1393,1.1459,1.1566,1.1542,1.093,1.1091,1.1025,1.1156,1.149,1.1432,1.1356,1.0854,1.1007,1.111,1.1222
F1,0.0511,0.0533,0.056,0.0589,0.0642,0.0732,0.0802,0.0857,0.0905,0.0958,0.0984,0.1048,0.1123,0.1175,0.122,0.126,0.131,0.134,0.1339,0.1352,0.1373,0.1384,0.1393,0.1414,0.1455,0.1509,0.1613,0.1577,0.1655,0.1677,0.1628,0.1648,0.1656,0.168,0.1687,0.1705,0.1767,0.1736,0.1761,0.1769,0.1779,0.1798,0.1844,0.184,0.1845,0.1875,0.1885,0.19,0.1941,0.1943,0.1947,0.1962,0.1983,0.1996,0.2021,0.2041,0.2064,0.2087,0.2092,0.2118,0.2122,0.215,0.2151,0.2189,0.2195,0.2222,0.2246,0.2269,0.2291,0.2321,0.2341,0.2363,0.2372,0.2381,0.2418,0.2438,0.2467,0.251,0.2545,0.2554,0.2586,0.2615,0.2636,0.2667,0.2711,0.2729,0.2771,0.2828,0.286,0.2886,0.2938,0.2978,0.3047,0.308,0.3149,0.3178,0.3225,0.331,0.3363,0.3371,0.3429,0.3464,0.3495,0.3555,0.3532,0.3596,0.3655,0.3668,0.3598,0.3671,0.3725,0.3717,0.3686,0.361,0.3711,0.3776,0.3828,0.3855,0.3841,0.3757,0.3833,0.3828,0.3928,0.3942,0.3938,0.3905
F2,0.0541,0.0601,0.0635,0.0667,0.0702,0.0747,0.0791,0.0836,0.0874,0.0908,0.0942,0.1001,0.104,0.1092,0.1134,0.1184,0.1231,0.1281,0.1321,0.1362,0.1397,0.1422,0.1448,0.15,0.1503,0.1514,0.1574,0.1545,0.1573,0.1631,0.1604,0.1604,0.1614,0.1658,0.1652,0.1644,0.1655,0.1675,0.1686,0.1702,0.171,0.1723,0.1735,0.1754,0.1768,0.1785,0.1808,0.1819,0.1833,0.1831,0.1864,0.1866,0.1882,0.1912,0.1934,0.1949,0.1958,0.1958,0.1987,0.2011,0.2017,0.2039,0.2046,0.2073,0.2076,0.2086,0.2108,0.2107,0.2124,0.2157,0.2164,0.2164,0.218,0.2196,0.2218,0.2227,0.2226,0.2234,0.2255,0.2268,0.231,0.2336,0.2352,0.2337,0.2383,0.2402,0.2418,0.2479,0.2492,0.2522,0.2547,0.2542,0.2579,0.2619,0.2667,0.2683,0.2704,0.2674,0.2723,0.2725,0.2739,0.2774,0.282,0.2836,0.2855,0.2921,0.2931,0.3012,0.2995,0.3047,0.3057,0.3056,0.3073,0.3159,0.311,0.3159,0.3174,0.3248,0.3267,0.3283,0.3322,0.3336,0.3333,0.3359,0.3341,0.3368
F3,0.0526,0.0607,0.0675,0.0725,0.0767,0.0804,0.0846,0.0878,0.0913,0.0956,0.0985,0.1032,0.1067,0.1117,0.1167,0.1214,0.1262,0.1301,0.133,0.1358,0.1412,0.1418,0.1423,0.1446,0.1487,0.1479,0.151,0.1509,0.1539,0.1577,0.1571,0.1614,0.1656,0.1654,0.1671,0.1683,0.1692,0.1695,0.1703,0.171,0.1718,0.1731,0.1733,0.1743,0.175,0.1761,0.1768,0.1767,0.1767,0.1769,0.1779,0.1789,0.1795,0.1811,0.1826,0.1833,0.1849,0.1871,0.1884,0.1899,0.1909,0.1929,0.1941,0.1972,0.1967,0.198,0.2,0.2012,0.203,0.2071,0.2087,0.2113,0.2121,0.2129,0.2151,0.2157,0.2181,0.2177,0.2214,0.224,0.2272,0.2275,0.2305,0.2341,0.2366,0.2381,0.2401,0.2446,0.2462,0.2484,0.2526,0.2527,0.2574,0.2556,0.2608,0.259,0.2619,0.2676,0.2737,0.2738,0.2788,0.2798,0.2808,0.2874,0.2842,0.2881,0.2887,0.2952,0.2941,0.2973,0.3062,0.305,0.3063,0.3049,0.3024,0.3069,0.3125,0.3151,0.3155,0.3134,0.3178,0.3165,0.3169,0.323,0.3267,0.3253
F4,0.0556,0.0623,0.0663,0.0703,0.0756,0.0814,0.0842,0.0875,0.0907,0.0938,0.0968,0.1004,0.1034,0.1078,0.1125,0.1165,0.1222,0.1278,0.1326,0.1352,0.138,0.1409,0.1449,0.1471,0.1478,0.151,0.1503,0.1511,0.1519,0.1547,0.1631,0.1549,0.1557,0.1621,0.1578,0.1591,0.1594,0.1599,0.1616,0.1633,0.1644,0.1657,0.1671,0.1685,0.1698,0.1716,0.1727,0.1743,0.1754,0.1783,0.18,0.1805,0.1834,0.1848,0.1864,0.1881,0.1897,0.1913,0.1927,0.194,0.1962,0.197,0.1988,0.2002,0.2025,0.2027,0.2042,0.2043,0.2065,0.2084,0.2087,0.2102,0.2129,0.2154,0.217,0.2197,0.2221,0.2233,0.2263,0.2286,0.2309,0.2327,0.2351,0.2379,0.2413,0.2445,0.2484,0.2513,0.255,0.2592,0.2624,0.2643,0.2688,0.2742,0.277,0.2814,0.284,0.2868,0.2893,0.2945,0.2976,0.3009,0.3031,0.3065,0.3117,0.3138,0.3162,0.3187,0.3232,0.3226,0.3244,0.3285,0.3325,0.338,0.3383,0.3417,0.3426,0.3459,0.3496,0.3536,0.3558,0.3597,0.3616,0.3626,0.3676,0.3695
F5,0.0492,0.0548,0.0603,0.0612,0.0634,0.0655,0.0676,0.0701,0.0756,0.0811,0.0875,0.0949,0.1012,0.1081,0.1156,0.1218,0.1268,0.1327,0.1378,0.1408,0.1443,0.1487,0.1516,0.1522,0.155,0.1592,0.1569,0.1556,0.1603,0.1576,0.1598,0.1609,0.1626,0.1632,0.1654,0.1674,0.1689,0.1707,0.1715,0.1731,0.1753,0.1775,0.1795,0.1817,0.1851,0.1887,0.1904,0.1935,0.1957,0.1978,0.2008,0.2034,0.2061,0.2091,0.2113,0.2146,0.2171,0.22,0.2225,0.2241,0.2262,0.2289,0.2314,0.2345,0.2377,0.241,0.2434,0.2473,0.2503,0.2543,0.2585,0.2616,0.2664,0.2716,0.2754,0.2809,0.2849,0.2907,0.2954,0.3008,0.3044,0.3115,0.318,0.3246,0.33,0.338,0.3434,0.3508,0.3593,0.3662,0.3745,0.381,0.3888,0.3982,0.4068,0.4165,0.4237,0.4322,0.4403,0.4494,0.455,0.4639,0.4722,0.4789,0.4834,0.4938,0.4978,0.5065,0.5162,0.5265,0.5315,0.5379,0.5475,0.5564,0.5616,0.5694,0.5778,0.5873,0.5921,0.6007,0.6096,0.6169,0.6238,0.6344,0.6399,0.6476
F6,0.0552,0.0636,0.0747,0.0818,0.0854,0.0896,0.0946,0.0991,0.1032,0.1074,0.1118,0.1163,0.1216,0.1261,0.1319,0.1372,0.1436,0.1462,0.15,0.1519,0.1528,0.1547,0.1556,0.157,0.1637,0.1602,0.1608,0.1647,0.1629,0.1641,0.167,0.1731,0.1753,0.1714,0.1725,0.1734,0.1747,0.176,0.1772,0.1783,0.1792,0.1804,0.1814,0.1819,0.183,0.1846,0.1857,0.1872,0.188,0.1892,0.1904,0.1921,0.1931,0.195,0.1958,0.1955,0.1966,0.1995,0.2001,0.2015,0.2021,0.2032,0.2048,0.2061,0.2057,0.2076,0.2103,0.2102,0.2128,0.2156,0.2168,0.2209,0.2218,0.2239,0.2278,0.2304,0.2333,0.2347,0.237,0.2415,0.2472,0.2498,0.2527,0.259,0.2637,0.2699,0.2768,0.2782,0.2857,0.2884,0.2943,0.2982,0.3067,0.3111,0.3104,0.3169,0.3232,0.3304,0.3349,0.3397,0.3465,0.3465,0.3556,0.3588,0.3607,0.3672,0.3729,0.3734,0.3734,0.374,0.3768,0.3839,0.3921,0.3942,0.3948,0.408,0.4205,0.4268,0.4291,0.4327,0.4419,0.4439,0.4434,0.449,0.4488,0.4376
F7,0.047,0.0489,0.0497,0.0508,0.0518,0.0529,0.0548,0.056,0.0589,0.0602,0.0654,0.0723,0.0775,0.0822,0.0825,0.0843,0.0922,0.0995,0.1079,0.1159,0.1118,0.1172,0.1273,0.1205,0.1213,0.1224,0.1248,0.1279,0.1305,0.1343,0.1327,0.1365,0.1524,0.1851,0.1922,0.2051,0.2144,0.2236,0.2103,0.2178,0.2117,0.2095,0.2171,0.2307,0.2529,0.2848,0.2792,0.279,0.2846,0.2846,0.2946,0.3014,0.3061,0.3146,0.3261,0.3332,0.3421,0.3547,0.3766,0.3944,0.4186,0.4428,0.4718,0.4994,0.5319,0.5652,0.5997,0.6312,0.6692,0.7056,0.7409,0.7715,0.8024,0.8263,0.8416,0.8705,0.8821,0.9082,0.9289,0.9483,0.9614,0.97,0.9764,0.984,0.9889,1.001,1.0117,1.0123,1.0159,1.0168,1.0156,1.0165,1.0229,1.0315,1.0236,1.047,1.047,1.0702,1.0811,1.067,1.0938,1.1106,1.1253,1.1441,1.1549,1.1599,1.1496,1.1539,1.1635,1.1678,1.1604,1.1787,1.1781,1.1831,1.1916,1.1875,1.1918,1.1733,1.1365,1.1363,1.1832,1.1833,1.2116,1.2414,1.2486,1.2549
F8,0.0471,0.0492,0.0507,0.053,0.0563,0.0573,0.0567,0.0575,0.059,0.0613,0.0662,0.0682,0.0749,0.0731,0.0758,0.08,0.0851,0.084,0.0971,0.1224,0.1228,0.1201,0.1187,0.1381,0.1297,0.1185,0.1291,0.1319,0.1333,0.1294,0.161,0.1432,0.1655,0.1604,0.1497,0.1713,0.203,0.1698,0.1836,0.1847,0.2131,0.2372,0.2101,0.2486,0.2174,0.2295,0.2617,0.2252,0.2155,0.2248,0.2431,0.253,0.2601,0.2621,0.2553,0.2547,0.2574,0.2589,0.2627,0.2665,0.2707,0.2778,0.2883,0.2923,0.304,0.3164,0.3314,0.3483,0.3668,0.386,0.4104,0.436,0.4624,0.4909,0.524,0.5597,0.5857,0.6212,0.6574,0.6896,0.7168,0.7567,0.7893,0.8199,0.8442,0.8611,0.8784,0.8944,0.9132,0.9256,0.9386,0.9515,0.9552,0.9634,0.9651,0.9721,0.9759,0.9726,0.9757,0.9843,0.9834,0.9872,1.0004,1.0178,1.0302,1.0321,1.0238,1.0255,1.0596,1.0607,1.0413,1.0332,1.0396,1.07,1.0208,1.0351,1.0616,1.07,1.0933,1.1191,1.0845,1.0757,1.0306,1.0602,1.0112,0.9905
F9,0.0465,0.0484,0.05,0.0531,0.0587,0.0641,0.0551,0.0552,0.0573,0.0601,0.0626,0.0639,0.0686,0.0789,0.0854,0.0908,0.0852,0.0889,0.0781,0.0789,0.0817,0.0945,0.1262,0.1289,0.1036,0.1107,0.1011,0.1108,0.1148,0.162,0.1437,0.1261,0.1221,0.17,0.1696,0.1688,0.1603,0.1516,0.1656,0.1585,0.1839,0.2052,0.2051,0.186,0.1947,0.2029,0.2131,0.241,0.2564,0.251,0.2643,0.2768,0.2691,0.2567,0.2538,0.2603,0.2587,0.2591,0.2571,0.2556,0.2621,0.2556,0.2592,0.264,0.2756,0.2804,0.2892,0.2955,0.3062,0.3171,0.3304,0.3476,0.366,0.383,0.4074,0.4329,0.4601,0.4887,0.5179,0.5535,0.5884,0.6222,0.6552,0.6853,0.7156,0.7531,0.7831,0.8048,0.8306,0.8515,0.8697,0.8882,0.9038,0.9177,0.9329,0.9517,0.9681,0.973,0.9834,0.9985,1.0015,1.0072,1.0142,1.0173,1.0296,1.0251,1.0307,1.0404,1.0536,1.0618,1.0595,1.0583,1.0638,1.0727,1.0759,1.0617,1.0516,1.0491,1.0349,1.0265,1.0184,1.0106,1.0904,1.1403,1.1888,1.1391
F10,0.05,0.0524,0.0535,0.0544,0.0577,0.0549,0.0633,0.0623,0.0615,0.0616,0.0663,0.0683,0.0708,0.0703,0.0771,0.0886,0.0997,0.103,0.0935,0.1029,0.1135,0.1148,0.1213,0.1164,0.116,0.1322,0.1363,0.137,0.1435,0.1269,0.1336,0.1377,0.1451,0.1566,0.18,0.1998,0.2175,0.1998,0.2066,0.2142,0.2353,0.2749,0.2823,0.2921,0.3179,0.2871,0.3243,0.3417,0.321,0.3795,0.385,0.4413,0.4059,0.3851,0.3865,0.4309,0.4677,0.4896,0.5214,0.5554,0.5972,0.6328,0.6679,0.7018,0.7403,0.774,0.814,0.8384,0.8657,0.8855,0.9037,0.9219,0.9516,0.9714,0.9939,1.0205,1.0466,1.0711,1.0813,1.0972,1.108,1.1209,1.1259,1.1287,1.1276,1.1254,1.132,1.1343,1.1329,1.1289,1.1292,1.1295,1.107,1.1039,1.1036,1.1048,1.122,1.1171,1.1288,1.1386,1.1402,1.1383,1.1293,1.1292,1.1323,1.1245,1.1167,1.1129,1.113,1.1077,1.0901,1.0866,1.0966,1.2055,1.2847,1.2153,1.244,1.217,1.2497,1.2509,1.1917,1.1991,1.2172,1.1853,1.2105,1.2002
F11,0.0477,0.0487,0.0507,0.0507,0.0535,0.0564,0.0581,0.0595,0.0586,0.0628,0.058,0.0612,0.0653,0.0681,0.0643,0.0716,0.087,0.0924,0.0752,0.0823,0.0863,0.1037,0.0913,0.106,0.0973,0.1013,0.1033,0.1309,0.1171,0.1098,0.1292,0.146,0.1446,0.159,0.1657,0.1349,0.1589,0.1739,0.1824,0.168,0.1773,0.2094,0.2173,0.2102,0.2089,0.2325,0.2529,0.283,0.259,0.2553,0.2386,0.2264,0.2722,0.2736,0.2625,0.2502,0.2483,0.2501,0.2556,0.2638,0.2745,0.2876,0.2968,0.3086,0.3234,0.3406,0.3607,0.3846,0.4086,0.4384,0.4636,0.4974,0.5301,0.5696,0.6137,0.6526,0.6861,0.7238,0.7577,0.7873,0.8141,0.8394,0.8559,0.8779,0.8946,0.9131,0.9326,0.9439,0.9618,0.9735,0.9857,1.004,1.0105,1.0195,1.0343,1.0548,1.0532,1.0558,1.0604,1.0721,1.0797,1.0855,1.0899,1.1065,1.1195,1.1273,1.1366,1.1583,1.1527,1.1675,1.1724,1.1831,1.1889,1.2083,1.2052,1.1748,1.1425,1.1385,1.3055,1.2375,1.2093,1.1847,1.3034,1.2395,1.2205,1.3053
F12,0.0481,0.0494,0.051,0.0502,0.0501,0.0509,0.0519,0.0548,0.0566,0.0582,0.0611,0.0625,0.0691,0.0772,0.0821,0.0919,0.1004,0.094,0.0923,0.0895,0.0939,0.1002,0.0989,0.0988,0.1009,0.1082,0.1059,0.109,0.1147,0.1191,0.1237,0.1309,0.1348,0.1384,0.1424,0.1499,0.1534,0.1602,0.1647,0.1715,0.1763,0.1831,0.1907,0.1984,0.2049,0.2149,0.2224,0.232,0.2413,0.2534,0.2653,0.2801,0.2965,0.3079,0.3247,0.3459,0.3681,0.3981,0.4259,0.4573,0.4918,0.5227,0.56,0.5943,0.6302,0.6695,0.6985,0.7278,0.7615,0.787,0.8085,0.8272,0.8498,0.8636,0.8814,0.8973,0.9103,0.9234,0.9379,0.9489,0.953,0.9671,0.9749,0.975,0.984,0.9938,1.0105,1.0214,1.0461,1.066,1.0573,1.0823,1.1421,1.1136,1.1547,1.2045,1.1696,1.1453,1.1917,1.1707,1.1923,1.1966,1.1925,1.1868,1.1661,1.1198,1.1485,1.0767,1.0983,1.0752,0.9951,1.0512,0.9608,1.0258,1.019,1.0286,1.0001,1.0574,1.0801,1.0732,1.0474,1.0627,1.0022,1.0384,1.0491,1.0538
G1,0.0518,0.0523,0.0532,0.0579,0.0704,0.0672,0.0655,0.0723,0.0781,0.0962,0.1026,0.1082,0.1185,0.1478,0.1555,0.169,0.1538,0.1838,0.1416,0.1384,0.163,0.2124,0.2066,0.241,0.1997,0.2074,0.2286,0.2588,0.2933,0.3226,0.3589,0.3819,0.4042,0.4421,0.4557,0.4743,0.5114,0.5535,0.5859,0.6306,0.6676,0.7063,0.75,0.7884,0.8235,0.8644,0.8967,0.9323,0.9565,0.9822,1.0124,1.0427,1.0685,1.0832,1.101,1.1212,1.1326,1.1464,1.1592,1.1717,1.1797,1.187,1.1939,1.1968,1.203,1.2036,1.209,1.211,1.2097,1.2071,1.2103,1.2263,1.2174,1.2103,1.2003,1.2254,1.2454,1.2106,1.2306,1.2469,1.2674,1.2518,1.2821,1.2756,1.2793,1.2784,1.2694,1.2718,1.2649,1.2666,1.2735,1.2763,1.291,1.298,1.2996,1.2955,1.2688,1.4246,1.5116,1.497,1.4719,1.4367,1.5545,1.4696,1.4993,1.4759,1.5029,1.5449,1.4314,1.5634,1.6121,1.6316,1.615,1.5951,1.5354,1.5692,1.5309,1.603,1.5106,1.5863,1.4898,1.5434,1.6065,1.562,1.6334,1.4018
G2,0.0497,0.0571,0.0615,0.0653,0.0689,0.0735,0.0799,0.0836,0.0874,0.0897,0.0926,0.0962,0.1001,0.1032,0.1085,0.1134,0.1189,0.1252,0.133,0.1415,0.1485,0.157,0.1648,0.1716,0.176,0.182,0.1933,0.2037,0.2152,0.2251,0.2377,0.2509,0.2735,0.2998,0.32,0.3452,0.3745,0.4047,0.4357,0.466,0.4951,0.5217,0.5361,0.5626,0.6007,0.6451,0.6812,0.7171,0.7551,0.7948,0.8326,0.8708,0.9046,0.9307,0.9654,0.9929,1.0182,1.0435,1.0676,1.0903,1.1132,1.1321,1.1534,1.1693,1.1871,1.2028,1.2135,1.2269,1.2352,1.2372,1.244,1.251,1.261,1.2773,1.2879,1.2856,1.2823,1.2538,1.2346,1.2226,1.2217,1.2108,1.2242,1.1983,1.1825,1.3675,1.4392,1.4105,1.4323,1.4997,1.449,1.4772,1.5069,1.4349,1.4538,1.3858,1.3646,1.3981,1.3732,1.4164,1.2496,1.5432,1.4019,1.5239,1.3542,1.4683,1.5048,1.5203,1.4769,1.5002,1.5354,1.5252,1.506,1.4562,1.3807,1.5059,1.5654,1.3752,1.2996,1.5361,1.3078,1.5418,1.3352,1.528,1.3342,1.5413
G3,0.0492,0.0551,0.0587,0.0721,0.0764,0.08,0.0878,0.0922,0.0966,0.0997,0.1047,0.1102,0.1208,0.1281,0.1364,0.1464,0.1528,0.1629,0.1755,0.1901,0.2066,0.2217,0.2354,0.2509,0.2708,0.2938,0.3207,0.3512,0.3749,0.4033,0.4368,0.4641,0.4905,0.5209,0.5238,0.5582,0.6031,0.6479,0.6833,0.7255,0.7657,0.8031,0.8463,0.877,0.9089,0.9412,0.9615,0.9898,1.0141,1.0374,1.0616,1.0828,1.1042,1.1203,1.1431,1.1553,1.17,1.1868,1.1968,1.2101,1.2173,1.2285,1.2344,1.2391,1.2363,1.2388,1.2362,1.2412,1.2328,1.225,1.1961,1.1792,1.1686,1.1509,1.148,1.13,1.1231,1.1182,1.1221,1.1398,1.1237,1.1287,1.1234,1.1364,1.1425,1.1591,1.1782,1.1708,1.1788,1.1785,1.1866,1.186,1.191,1.2051,1.2198,1.2221,1.2428,1.2228,1.2299,1.218,1.2323,1.2506,1.2593,1.264,1.2732,1.2796,1.2817,1.2919,1.2917,1.2947,1.2699,1.2558,1.2491,1.2459,1.216,1.2006,1.1953,1.1813,1.1814,1.183,1.1689,1.1497,1.1476,1.1373,1.1313,1.1347
G4,0.0635,0.0687,0.0744,0.085,0.0968,0.1062,0.1142,0.1204,0.1277,0.1364,0.144,0.1522,0.16,0.1685,0.1772,0.1848,0.1933,0.2001,0.2084,0.2192,0.2331,0.2419,0.2504,0.2617,0.2746,0.2887,0.3018,0.3184,0.3417,0.3624,0.3905,0.4194,0.4529,0.476,0.5023,0.5325,0.5537,0.5785,0.6136,0.655,0.6952,0.7325,0.7708,0.8092,0.849,0.8839,0.917,0.9473,0.9789,1.0073,1.031,1.0547,1.0775,1.0952,1.1197,1.1371,1.154,1.1691,1.181,1.1924,1.2036,1.2133,1.224,1.2294,1.2371,1.2458,1.2463,1.2476,1.2488,1.2542,1.2562,1.2614,1.257,1.2281,1.2158,1.2225,1.2761,1.2257,1.1924,1.1851,1.2558,1.2347,1.2935,1.2754,1.243,1.2345,1.2218,1.2687,1.2636,1.2549,1.1896,1.1934,1.1643,1.1363,1.1998,1.1271,1.1734,1.1406,1.1775,1.1468,1.1293,1.1351,1.1147,1.1395,1.1009,1.1236,1.0805,1.0948,1.065,1.1029,1.0959,1.0773,1.0601,1.0573,1.0248,1.068,1.0518,1.0707,1.0624,1.0561,1.0325,1.011,1.0252,0.9811,1.0122,1.0172
G5,0.0543,0.0607,0.0653,0.0722,0.0775,0.0813,0.0801,0.0849,0.0895,0.0954,0.102,0.1097,0.1164,0.1225,0.1302,0.1354,0.1401,0.1457,0.1588,0.1699,0.1787,0.1831,0.1938,0.2045,0.2148,0.2244,0.2417,0.2551,0.2685,0.2851,0.3185,0.3444,0.3704,0.3951,0.42,0.4471,0.4762,0.5,0.5202,0.5497,0.5617,0.5915,0.6334,0.671,0.7089,0.7485,0.7844,0.8214,0.8558,0.8926,0.9237,0.9554,0.9876,1.0115,1.0368,1.0572,1.076,1.0989,1.1196,1.1362,1.1518,1.167,1.1823,1.1927,1.2065,1.2162,1.2226,1.2287,1.2317,1.2382,1.2398,1.2515,1.2564,1.2565,1.2536,1.2413,1.2057,1.2634,1.1881,1.2017,1.3169,1.3818,1.3975,1.3985,1.4115,1.4228,1.4319,1.406,1.3043,1.4808,1.4771,1.4372,1.4731,1.5065,1.51,1.4763,1.4935,1.5242,1.5202,1.5202,1.53,1.5071,1.4463,1.4542,1.4915,1.5072,1.5384,1.5124,1.517,1.4913,1.5137,1.4916,1.5427,1.4498,1.4912,1.4821,1.5081,1.4819,1.3126,1.3561,1.3298,1.385,1.3639,1.2907,1.352,1.4546
G6,0.0513,0.0574,0.0614,0.0682,0.0712,0.079,0.0859,0.0898,0.0946,0.1001,0.1091,0.1185,0.128,0.135,0.1441,0.1532,0.1613,0.1683,0.1769,0.1871,0.196,0.2072,0.2164,0.2264,0.2409,0.2595,0.2874,0.3182,0.3519,0.3729,0.4014,0.4337,0.4575,0.4814,0.5116,0.529,0.5464,0.5806,0.6146,0.6515,0.6894,0.7272,0.7644,0.8046,0.8407,0.8763,0.9077,0.9396,0.9722,1.0008,1.0271,1.0512,1.073,1.0927,1.1204,1.1423,1.161,1.1815,1.1945,1.2068,1.2202,1.2367,1.2456,1.2523,1.2529,1.2594,1.2654,1.2685,1.2653,1.2596,1.2532,1.231,1.2632,1.2765,1.2853,1.2435,1.2445,1.2282,1.2733,1.2262,1.1987,1.4543,1.457,1.4628,1.3397,1.4971,1.4708,1.5239,1.4991,1.547,1.5364,1.5419,1.4612,1.5057,1.5318,1.4777,1.4974,1.4818,1.4397,1.5614,1.5035,1.5481,1.4736,1.4993,1.442,1.499,1.4562,1.5176,1.3827,1.4693,1.4072,1.4396,1.5027,1.3521,1.4842,1.4259,1.501,1.2173,1.1909,1.2762,1.3479,1.3658,1.3701,1.2359,1.3389,1.2926
G7,0.0466,0.0495,0.0519,0.055,0.0615,0.0662,0.0674,0.0551,0.061,0.0802,0.083,0.0697,0.0754,0.0879,0.0975,0.0984,0.0931,0.0887,0.1093,0.1254,0.1215,0.1309,0.1416,0.1438,0.1355,0.1613,0.2118,0.1689,0.1938,0.2207,0.2388,0.2687,0.277,0.3922,0.3978,0.3627,0.4612,0.4248,0.4913,0.5714,0.5419,0.6147,0.6177,0.7209,0.6778,0.7083,0.7383,0.7676,0.8346,0.8769,0.8757,0.884,0.9214,0.9618,0.9732,0.982,1.0027,1.0318,1.082,1.0853,1.1408,1.1257,1.1701,1.2011,1.2385,1.2604,1.283,1.2597,1.2758,1.2461,1.2719,1.2696,1.2661,1.2632,1.2608,1.1995,1.178,1.2887,1.3403,1.3949,1.408,1.4254,1.4224,1.424,1.4337,1.4305,1.3909,1.3911,1.378,1.4217,1.4254,1.4007,1.4522,1.4452,1.4453,1.4227,1.4415,1.4351,1.4287,1.412,1.4442,1.4668,1.4373,1.4596,1.4445,1.43,1.4542,1.4289,1.4072,1.4255,1.4092,1.3732,1.3567,1.3722,1.3568,1.3905,1.3283,1.3258,1.3297,1.3486,1.3467,1.3775,1.3563,1.328,1.3512,1.3275
G8,0.0459,0.0481,0.0498,0.0525,0.0571,0.0615,0.0647,0.0619,0.0616,0.0663,0.0724,0.051,0.0564,0.0585,0.0615,0.0732,0.0592,0.0623,0.0648,0.0689,0.0921,0.0846,0.076,0.075,0.0831,0.1001,0.1168,0.0989,0.1026,0.1008,0.1175,0.1361,0.1185,0.134,0.1477,0.1798,0.1752,0.2362,0.2302,0.2514,0.2644,0.3333,0.3886,0.3799,0.3936,0.4879,0.5015,0.4698,0.5001,0.5379,0.6027,0.6399,0.676,0.712,0.7719,0.8086,0.8564,0.8453,0.87,0.9247,0.9687,0.9893,0.9608,0.9888,1.0587,1.1024,1.0811,1.1126,1.1327,1.1463,1.1455,1.1645,1.1595,1.179,1.2047,1.1908,1.2024,1.206,1.1869,1.2054,1.2084,1.2355,1.1796,1.2095,1.2087,1.2048,1.2091,1.324,1.3024,1.3483,1.3672,1.388,1.3665,1.381,1.3774,1.3739,1.3923,1.3618,1.3773,1.3376,1.3774,1.3889,1.3999,1.3804,1.3997,1.4039,1.3996,1.4096,1.4352,1.4126,1.4039,1.3947,1.3843,1.4035,1.4023,1.4099,1.3992,1.394,1.3943,1.3507,1.3772,1.335,1.3487,1.3153,1.3297,1.2941
G9,0.0484,0.0504,0.0522,0.0558,0.061,0.0597,0.0641,0.0613,0.0666,0.068,0.0724,0.0802,0.0758,0.0838,0.0982,0.0844,0.0848,0.0876,0.0996,0.0992,0.1173,0.1192,0.1301,0.1387,0.1314,0.1491,0.1588,0.1826,0.2232,0.2198,0.2465,0.3284,0.3349,0.3437,0.377,0.3905,0.4928,0.5108,0.5119,0.5145,0.5577,0.5809,0.6747,0.7062,0.7173,0.7773,0.7671,0.8192,0.8646,0.9017,0.9382,0.9567,0.9208,0.9581,1.0012,1.0641,1.0236,1.1048,1.1336,1.1522,1.1421,1.2011,1.1794,1.1779,1.1913,1.209,1.2338,1.2148,1.2082,1.2398,1.2778,1.2669,1.2507,1.2353,1.2238,1.2293,1.2277,1.2634,1.3022,1.3277,1.3909,1.3653,1.3827,1.3936,1.4127,1.4239,1.4568,1.4464,1.4647,1.465,1.4728,1.433,1.451,1.4427,1.4306,1.4275,1.4348,1.4241,1.4273,1.4327,1.4306,1.4533,1.4713,1.4533,1.4632,1.4449,1.4428,1.4503,1.455,1.4425,1.4484,1.4272,1.4391,1.4477,1.4519,1.4292,1.3943,1.3899,1.3902,1.3792,1.3649,1.3556,1.3495,1.3804,1.3287,1.3372
G10,0.0472,0.0491,0.0512,0.0552,0.0547,0.0558,0.0582,0.0722,0.0579,0.065,0.0653,0.0619,0.0672,0.0686,0.068,0.069,0.0871,0.0727,0.0894,0.0895,0.0918,0.0938,0.0897,0.0941,0.0993,0.0982,0.1295,0.1231,0.1376,0.1652,0.1598,0.1549,0.165,0.1922,0.2254,0.2294,0.2502,0.2827,0.3048,0.3428,0.3935,0.3866,0.4334,0.5293,0.4799,0.5054,0.5464,0.6297,0.6574,0.6634,0.6753,0.7883,0.7714,0.807,0.8669,0.8304,0.8682,0.9513,0.9288,0.9896,1.0028,1.0741,0.9918,1.1103,1.0902,1.1304,1.1037,1.0987,1.1674,1.2115,1.1347,1.1519,1.2127,1.1767,1.2314,1.182,1.1973,1.1406,1.1495,1.1663,1.2928,1.3017,1.3058,1.2812,1.3494,1.3084,1.3739,1.3372,1.3738,1.4046,1.3567,1.3423,1.4082,1.4222,1.4257,1.4059,1.3577,1.3408,1.3495,1.4282,1.3313,1.375,1.3542,1.2503,1.2064,1.3186,1.3324,1.2869,1.1751,1.1595,1.0523,1.3043,1.2961,1.1144,1.1535,1.0474,1.2604,1.171,1.0209,0.9918,1.1561,1.0193,0.9832,1.1024,1.1533,0.9638
G11,0.0467,0.055,0.0581,0.0575,0.069,0.092,0.0857,0.0922,0.0957,0.1067,0.1087,0.0934,0.1023,0.111,0.1191,0.1233,0.1314,0.1235,0.1267,0.1326,0.1221,0.1205,0.1214,0.1739,0.1468,0.1137,0.1212,0.1403,0.1419,0.1581,0.1846,0.2152,0.2248,0.238,0.2401,0.2535,0.2812,0.2853,0.3234,0.3997,0.4833,0.485,0.5134,0.5398,0.4822,0.5496,0.5932,0.6118,0.7231,0.7436,0.7347,0.7431,0.7694,0.8113,0.859,0.8749,0.907,0.9277,0.9503,0.9745,0.9986,1.032,1.1003,1.1349,1.1557,1.1184,1.128,1.136,1.1272,1.1422,1.1555,1.1606,1.1707,1.1824,1.1849,1.1837,1.1772,1.1836,1.2018,1.2161,1.2287,1.2537,1.3443,1.2747,1.4184,1.3374,1.4425,1.4619,1.4495,1.4522,1.486,1.4803,1.4995,1.5226,1.5226,1.5276,1.3183,1.3209,1.4053,1.5554,1.4972,1.3762,1.4292,1.4148,1.4012,1.4551,1.3891,1.3586,1.3399,1.4356,1.3142,1.327,1.3337,1.2991,1.3244,1.2487,1.3276,1.3703,1.3047,1.1734,1.3058,1.2914,1.2343,1.1422,1.2731,1.3686
G12,0.0527,0.0557,0.0585,0.0598,0.0635,0.0836,0.0656,0.0648,0.0701,0.071,0.0749,0.0801,0.0902,0.0902,0.0927,0.0984,0.0908,0.0892,0.115,0.1034,0.0922,0.1114,0.114,0.1043,0.1204,0.1208,0.1296,0.1458,0.1591,0.1795,0.2066,0.2185,0.2439,0.2724,0.2954,0.3357,0.3643,0.3933,0.4209,0.4426,0.4675,0.4945,0.54,0.5765,0.6127,0.6448,0.6747,0.7118,0.7321,0.851,0.8953,0.936,0.9438,0.9814,0.9603,0.991,0.9895,1.0581,1.0851,1.1101,1.1353,1.0609,1.0844,1.0921,1.0887,1.0971,1.1941,1.177,1.2905,1.251,1.2504,1.3098,1.3235,1.318,1.3561,1.3493,1.3391,1.3836,1.4095,1.3858,1.4329,1.4254,1.4789,1.4706,1.4859,1.5137,1.4575,1.4857,1.4454,1.3998,1.4816,1.3732,1.2708,1.3531,1.2609,1.2307,1.2411,1.2318,1.2525,1.3614,1.213,1.2144,1.2435,1.1812,1.2102,1.2444,1.1476,1.1889,1.2176,1.2465,1.1836,1.2224,1.2648,1.1007,1.1875,1.0766,1.2322,1.1736,1.2422,1.1708,1.2263,1.2297,1.0828,1.2212,1.3105,1.3291
H1,0.0492,0.0504,0.0519,0.0534,0.0554,0.0581,0.0621,0.0653,0.0693,0.0723,0.0755,0.079,0.0822,0.0863,0.0895,0.0915,0.0937,0.095,0.0977,0.1005,0.1006,0.102,0.1031,0.1042,0.1041,0.1053,0.1035,0.1048,0.1046,0.1058,0.1058,0.1076,0.1136,0.1095,0.1061,0.1177,0.1074,0.1163,0.1079,0.1117,0.1104,0.1113,0.1168,0.1139,0.1139,0.1134,0.1078,0.1097,0.1153,0.1139,0.1116,0.1109,0.1125,0.1104,0.1101,0.1167,0.1161,0.1153,0.1144,0.114,0.116,0.1149,0.1188,0.1153,0.1201,0.1204,0.1215,0.1235,0.1212,0.1187,0.1199,0.1231,0.1234,0.1259,0.1262,0.1287,0.1297,0.1315,0.131,0.1319,0.1311,0.133,0.1351,0.1356,0.1408,0.1374,0.1384,0.1398,0.1393,0.1385,0.136,0.1368,0.1385,0.1385,0.1351,0.1382,0.1405,0.1412,0.1399,0.1394,0.1415,0.1391,0.1394,0.1403,0.1465,0.1469,0.1457,0.1431,0.1472,0.1473,0.1441,0.1457,0.1432,0.1421,0.144,0.1446,0.1474,0.1454,0.1442,0.1476,0.1482,0.1474,0.1465,0.1433,0.1425,0.149
H2,0.0521,0.0532,0.0541,0.055,0.0563,0.0573,0.0574,0.0598,0.0627,0.0655,0.0699,0.0745,0.0766,0.0777,0.0814,0.0855,0.0874,0.0922,0.093,0.0969,0.0978,0.102,0.1054,0.1089,0.1125,0.12,0.1243,0.1269,0.1292,0.1312,0.1325,0.1327,0.1339,0.1341,0.1342,0.1327,0.1323,0.1303,0.1314,0.1269,0.1266,0.1277,0.1276,0.1273,0.1299,0.1228,0.1229,0.1215,0.1221,0.122,0.1215,0.1271,0.1244,0.12,0.121,0.1224,0.1205,0.1166,0.1162,0.1152,0.1172,0.1216,0.1281,0.1235,0.1219,0.1291,0.1232,0.1227,0.1204,0.122,0.1203,0.1206,0.1199,0.1246,0.1256,0.1234,0.1239,0.1256,0.1242,0.1295,0.1321,0.1286,0.1321,0.1346,0.1348,0.1363,0.1337,0.1369,0.1382,0.1385,0.1368,0.1382,0.1402,0.1394,0.1392,0.1405,0.1417,0.1419,0.1428,0.1435,0.1447,0.1445,0.1442,0.1464,0.1475,0.1479,0.1495,0.1499,0.1509,0.1477,0.1492,0.1497,0.1521,0.1522,0.1546,0.1551,0.1553,0.1565,0.1563,0.1554,0.1562,0.156,0.1563,0.161,0.1621,0.1619
H3,0.0603,0.0881,0.0714,0.0718,0.0985,0.1067,0.095,0.0898,0.0995,0.0839,0.0895,0.1657,0.1084,0.1214,0.1724,0.1759,0.1873,0.1314,0.1915,0.1916,0.1637,0.1691,0.1431,0.1847,0.1414,0.1195,0.1055,0.1383,0.1749,0.1345,0.1039,0.1548,0.1071,0.0983,0.087,0.196,0.2028,0.2123,0.199,0.1495,0.1064,0.0995,0.1087,0.0961,0.0719,0.0721,0.072,0.0722,0.0721,0.0719,0.0722,0.0782,0.0807,0.1362,0.1972,0.2166,0.1863,0.1701,0.2167,0.1868,0.1332,0.2101,0.1591,0.1576,0.1275,0.1329,0.2254,0.1672,0.2242,0.1182,0.1178,0.0998,0.0887,0.1027,0.0842,0.0775,0.0918,0.0987,0.1173,0.0821,0.0981,0.0863,0.1076,0.1029,0.0744,0.0795,0.102,0.0823,0.0768,0.0738,0.0749,0.0764,0.0773,0.0802,0.1271,0.0762,0.0908,0.0839,0.1037,0.0979,0.0777,0.0812,0.0774,0.0875,0.088,0.0857,0.1023,0.0883,0.1235,0.1288,0.1174,0.1987,0.1152,0.1158,0.1043,0.1527,0.1116,0.2216,0.1015,0.2337,0.2218,0.1614,0.1181,0.0875,0.1731,0.1935
H4,0.0553,0.0615,0.0667,0.071,0.0819,0.0779,0.0778,0.0863,0.0967,0.1018,0.1032,0.1104,0.1161,0.1181,0.1269,0.1198,0.0959,0.0938,0.0899,0.0911,0.0932,0.093,0.0991,0.0987,0.1014,0.0981,0.0975,0.1023,0.0996,0.0968,0.0956,0.0943,0.0924,0.0984,0.096,0.0908,0.0817,0.0794,0.0775,0.0772,0.0814,0.0853,0.0825,0.0823,0.078,0.0771,0.0763,0.0775,0.0886,0.0836,0.087,0.0914,0.1013,0.1106,0.1107,0.1017,0.1269,0.1128,0.113,0.1212,0.1159,0.1183,0.1201,0.1149,0.1304,0.1394,0.1327,0.1346,0.1395,0.1208,0.1272,0.1231,0.1227,0.1269,0.1123,0.1041,0.0998,0.0986,0.0954,0.0963,0.0911,0.0977,0.0995,0.0991,0.0943,0.0941,0.097,0.0972,0.0959,0.0927,0.0944,0.0902,0.0911,0.0922,0.0841,0.0883,0.0863,0.0843,0.0835,0.0861,0.0862,0.0881,0.0879,0.0869,0.0889,0.0921,0.0912,0.0974,0.1099,0.1155,0.116,0.1175,0.117,0.1146,0.1215,0.1272,0.1342,0.1362,0.1366,0.1437,0.1408,0.1366,0.1403,0.1429,0.1424,0.1402
H5,0.055,0.0571,0.0618,0.0694,0.0708,0.0737,0.0744,0.0852,0.0886,0.0945,0.098,0.0944,0.0819,0.0985,0.1018,0.1031,0.1144,0.1046,0.1056,0.1008,0.1073,0.1171,0.1227,0.1198,0.1168,0.1156,0.1134,0.1068,0.104,0.1004,0.1019,0.0995,0.0878,0.0914,0.0829,0.0846,0.0767,0.0761,0.0756,0.0762,0.0767,0.0781,0.0787,0.0788,0.0771,0.0745,0.0745,0.0749,0.0746,0.0749,0.0752,0.0755,0.0753,0.0747,0.0754,0.0747,0.0749,0.0745,0.078,0.0744,0.0742,0.0747,0.0752,0.0753,0.0754,0.0759,0.076,0.076,0.0764,0.0764,0.0765,0.0769,0.085,0.0926,0.1142,0.0981,0.1051,0.1202,0.111,0.0812,0.0803,0.088,0.0792,0.082,0.0934,0.0866,0.0887,0.1256,0.1703,0.1089,0.1101,0.1043,0.1064,0.0884,0.0937,0.0997,0.086,0.0888,0.1002,0.0924,0.0925,0.0926,0.0906,0.0951,0.0955,0.0918,0.0882,0.0948,0.1004,0.097,0.0862,0.0884,0.0863,0.1869,0.1176,0.1143,0.1581,0.1316,0.0907,0.1898,0.1904,0.137,0.1485,0.2158,0.1594,0.1701
H6,0.0507,0.0528,0.0571,0.0628,0.0727,0.0816,0.0796,0.0814,0.0869,0.0936,0.0884,0.0932,0.1006,0.1076,0.1168,0.1146,0.1318,0.1336,0.1231,0.1176,0.1156,0.1282,0.1384,0.1507,0.1678,0.1695,0.1697,0.1655,0.1616,0.1583,0.1551,0.1465,0.1373,0.1271,0.1136,0.102,0.0959,0.0855,0.0768,0.0728,0.0724,0.0724,0.0712,0.0715,0.0713,0.0713,0.0719,0.0714,0.0711,0.0713,0.0714,0.0712,0.0713,0.0714,0.0714,0.0714,0.0718,0.0717,0.0717,0.0717,0.0716,0.0718,0.0723,0.0723,0.0722,0.0725,0.0727,0.0728,0.073,0.0732,0.0739,0.0787,0.0757,0.0881,0.1441,0.1573,0.1774,0.1917,0.1871,0.195,0.1861,0.1413,0.0981,0.0931,0.0861,0.0828,0.081,0.0797,0.0782,0.0784,0.0784,0.0791,0.0797,0.0801,0.0881,0.1036,0.1046,0.1025,0.1028,0.0942,0.0928,0.0935,0.0889,0.0882,0.0886,0.1369,0.1041,0.0856,0.0861,0.087,0.1554,0.1111,0.0879,0.1656,0.1125,0.0973,0.1074,0.1923,0.1318,0.1922,0.0967,0.1025,0.1304,0.1036,0.097,0.0964
H7,0.0489,0.0519,0.0537,0.0584,0.0659,0.0807,0.0873,0.0921,0.0967,0.1002,0.0957,0.0934,0.0901,0.0847,0.0876,0.0913,0.0965,0.0972,0.0948,0.0864,0.0832,0.0891,0.0869,0.0839,0.0838,0.0845,0.0841,0.0847,0.0891,0.088,0.089,0.0896,0.0883,0.0898,0.0898,0.0904,0.0937,0.0907,0.0926,0.0946,0.0879,0.0783,0.0778,0.0785,0.0878,0.0868,0.0934,0.1001,0.0857,0.0724,0.0881,0.0994,0.0929,0.0863,0.0994,0.0742,0.1033,0.0904,0.1032,0.1021,0.1268,0.1037,0.086,0.1223,0.0912,0.1477,0.1135,0.1499,0.1,0.1389,0.1174,0.1198,0.0815,0.0866,0.0979,0.0937,0.1093,0.1512,0.1254,0.1102,0.1129,0.1166,0.1265,0.1365,0.1206,0.1337,0.094,0.0962,0.1124,0.1109,0.1318,0.1448,0.1131,0.1257,0.0963,0.0934,0.1179,0.1085,0.1162,0.1018,0.1193,0.0866,0.1297,0.0859,0.1075,0.0918,0.0891,0.0853,0.1537,0.1119,0.1464,0.0983,0.0884,0.1395,0.0923,0.0882,0.092,0.0978,0.1084,0.1176,0.119,0.1123,0.1188,0.1242,0.1248,0.0984
H8,0.0466,0.0485,0.05,0.0507,0.0533,0.0576,0.057,0.06,0.0628,0.0613,0.063,0.0667,0.0714,0.0758,0.0846,0.0862,0.0889,0.087,0.0809,0.0718,0.0724,0.0813,0.0839,0.0825,0.0835,0.0838,0.0848,0.0911,0.092,0.0929,0.0928,0.0949,0.0755,0.0875,0.089,0.0781,0.0751,0.0756,0.0754,0.0752,0.0775,0.0784,0.0856,0.0896,0.0731,0.0848,0.0812,0.0765,0.0715,0.0715,0.0943,0.0969,0.1113,0.0712,0.086,0.0942,0.0754,0.0801,0.0822,0.1093,0.0828,0.0744,0.1085,0.0757,0.1003,0.1019,0.0949,0.0837,0.1006,0.1099,0.093,0.1237,0.1057,0.0929,0.0874,0.1245,0.0982,0.0968,0.0967,0.1293,0.1298,0.1142,0.1375,0.1243,0.0986,0.1371,0.118,0.1059,0.1202,0.1259,0.1232,0.1099,0.0853,0.1142,0.0895,0.1131,0.1057,0.104,0.1257,0.1135,0.1149,0.0829,0.0977,0.1108,0.1046,0.1014,0.0899,0.0908,0.1356,0.0951,0.0995,0.1014,0.1254,0.1103,0.0895,0.1159,0.1098,0.119,0.113,0.1045,0.1009,0.0894,0.1039,0.1157,0.113,0.0918
H9,0.0456,0.0483,0.0488,0.0498,0.0505,0.0524,0.0546,0.0524,0.0533,0.0552,0.0568,0.0594,0.0612,0.0641,0.0674,0.0687,0.0709,0.0719,0.0723,0.0736,0.0743,0.0736,0.0757,0.0759,0.0768,0.0781,0.0791,0.0792,0.08,0.0788,0.0789,0.0795,0.0805,0.0793,0.0791,0.079,0.0803,0.0889,0.0793,0.0806,0.0861,0.0785,0.0794,0.0794,0.0917,0.1059,0.1113,0.0861,0.0923,0.1202,0.0974,0.1038,0.105,0.102,0.0983,0.0945,0.1135,0.0771,0.0888,0.0952,0.089,0.081,0.0877,0.1065,0.0979,0.0894,0.0849,0.0792,0.0905,0.1086,0.0992,0.0968,0.0954,0.1085,0.0998,0.0832,0.0987,0.0829,0.0859,0.0987,0.0827,0.0919,0.083,0.0858,0.0973,0.089,0.1049,0.0855,0.0866,0.0941,0.087,0.088,0.0889,0.0895,0.0893,0.0907,0.0918,0.0931,0.0928,0.0934,0.0948,0.0936,0.095,0.0986,0.0955,0.0956,0.0971,0.0966,0.1016,0.1016,0.0998,0.1014,0.1037,0.1013,0.1093,0.1027,0.1063,0.1016,0.102,0.1123,0.1028,0.1053,0.1041,0.1048,0.1058,0.1055
H10,0.0477,0.0495,0.0512,0.053,0.0603,0.0709,0.0697,0.0724,0.0593,0.0911,0.0571,0.0748,0.0635,0.0807,0.0715,0.0715,0.0737,0.0792,0.0817,0.0772,0.0741,0.0752,0.0762,0.0785,0.0845,0.0797,0.0811,0.0811,0.0803,0.0813,0.0804,0.0801,0.0794,0.0794,0.0819,0.0789,0.0786,0.0786,0.0786,0.0794,0.0894,0.0788,0.0865,0.1186,0.104,0.0834,0.1057,0.0944,0.0905,0.0795,0.1097,0.1025,0.0911,0.0928,0.1206,0.1096,0.1041,0.1438,0.0849,0.0962,0.0999,0.1496,0.1115,0.0846,0.086,0.0968,0.1007,0.0937,0.0969,0.0976,0.1029,0.1033,0.0952,0.1312,0.0943,0.1136,0.1303,0.0966,0.0863,0.1372,0.0957,0.1,0.0964,0.1055,0.0978,0.0995,0.0958,0.0978,0.092,0.1119,0.1102,0.0997,0.0981,0.0895,0.0917,0.0949,0.0996,0.116,0.0938,0.0952,0.1067,0.1238,0.12,0.1125,0.1193,0.1021,0.1052,0.1021,0.1121,0.1019,0.1011,0.1001,0.1031,0.1024,0.1085,0.1148,0.1029,0.1157,0.1054,0.1043,0.1141,0.1047,0.1037,0.1053,0.1046,0.1044
H11,0.047,0.0493,0.0505,0.0528,0.0605,0.0596,0.0574,0.0612,0.0561,0.0581,0.0611,0.0678,0.0842,0.1006,0.1058,0.0776,0.0766,0.0851,0.0871,0.1045,0.0815,0.0992,0.0928,0.1078,0.1048,0.1,0.0993,0.1075,0.1256,0.1084,0.0961,0.0804,0.0768,0.0798,0.0879,0.1051,0.1019,0.0918,0.1053,0.0913,0.0811,0.0833,0.1071,0.1029,0.0818,0.1034,0.1177,0.0878,0.0802,0.0754,0.0752,0.0757,0.0753,0.1387,0.1162,0.12,0.156,0.0998,0.1192,0.1441,0.1189,0.1008,0.1149,0.121,0.112,0.1165,0.1279,0.091,0.091,0.1143,0.0984,0.0969,0.0983,0.0953,0.1238,0.1286,0.1312,0.1152,0.1106,0.1014,0.1062,0.0907,0.1014,0.1038,0.0963,0.1,0.1229,0.1155,0.1314,0.0822,0.0834,0.0826,0.1303,0.1005,0.0923,0.13,0.1347,0.1209,0.0858,0.087,0.1018,0.103,0.127,0.1168,0.1265,0.1257,0.12,0.1184,0.1126,0.1368,0.1293,0.118,0.1196,0.139,0.127,0.1316,0.1237,0.1379,0.1226,0.1172,0.1263,0.1054,0.113,0.1091,0.0998,0.1047
H12,0.0691,0.0669,0.0567,0.0845,0.0744,0.0911,0.1133,0.1181,0.1263,0.0941,0.0775,0.0826,0.1293,0.0827,0.1061,0.1129,0.0894,0.0944,0.0915,0.1266,0.0816,0.08,0.1189,0.114,0.1128,0.1015,0.0967,0.0901,0.0881,0.0845,0.0805,0.0792,0.0763,0.0775,0.0782,0.0818,0.0861,0.1063,0.1106,0.1116,0.1013,0.1005,0.0917,0.0943,0.0945,0.0901,0.1199,0.1173,0.0976,0.1512,0.129,0.1116,0.1462,0.1456,0.1179,0.1297,0.1569,0.1413,0.1015,0.1174,0.1635,0.1221,0.1429,0.1486,0.1009,0.1189,0.1357,0.1384,0.1591,0.1285,0.1191,0.126,0.1317,0.1221,0.1283,0.1471,0.1533,0.1399,0.1249,0.1639,0.1689,0.1677,0.1597,0.1648,0.1181,0.1603,0.1039,0.0818,0.1384,0.151,0.1561,0.1471,0.174,0.2013,0.1218,0.1633,0.1403,0.1721,0.1203,0.1068,0.1245,0.1306,0.1849,0.1821,0.1816,0.1989,0.1871,0.1663,0.1728,0.1932,0.1329,0.1084,0.1955,0.1454,0.1671,0.0995,0.2011,0.2352,0.1609,0.1787,0.2031,0.158,0.1636,0.1706,0.141,0.1546
,,,,,,,,,,,,,,,,,,,,,,,,,,,,,,,,,,,,,,,,,,,,,,,,,,,,,,,,,,,,,,,,,,,,,,,,,,,,,,,,,,,,,,,,,,,,,,,,,,,,,,,,,,,,,,,,,,,,,,,,,,,,,,
End Time,,,,2024-03-23 11:50:10,,,,,,,,,,,,,,,,,,,,,,,,,,,,,,,,,,,,,,,,,,,,,,,,,,,,,,,,,,,,,,,,,,,,,,,,,,,,,,,,,,,,,,,,,,,,,,,,,,,,,,,,,,,,,,,,,,,,,,,,,,
,,,,,,,,,,,,,,,,,,,,,,,,,,,,,,,,,,,,,,,,,,,,,,,,,,,,,,,,,,,,,,,,,,,,,,,,,,,,,,,,,,,,,,,,,,,,,,,,,,,,,,,,,,,,,,,,,,,,,,,,,,,,,,
,,,,,,,,,,,,,,,,,,,,,,,,,,,,,,,,,,,,,,,,,,,,,,,,,,,,,,,,,,,,,,,,,,,,,,,,,,,,,,,,,,,,,,,,,,,,,,,,,,,,,,,,,,,,,,,,,,,,,,,,,,,,,,
Warning,Execution of 'LW OD600' was interrupted by the user.,,,,,,,,,,,,,,,,,,,,,,,,,,,,,,,,,,,,,,,,,,,,,,,,,,,,,,,,,,,,,,,,,,,,,,,,,,,,,,,,,,,,,,,,,,,,,,,,,,,,,,,,,,,,,,,,,,,,,,,,,,,,,
Warning,"Unable to meet given kinetic interval time for cycles '1, 2, 3, 4, 5, 6, 7, 8, 9, 10, 11, 12, 13, 14, 15, 16, 17, 18, 19, 20, 21, 22, 23, 24, 25, 26, 27, 28, 29, 30, 31, 32, 33, 34, 35, 36, 37, 38, 39, 40, 41, 42, 43, 44, 45, 46, 47, 48, 49, 50, 51, 52, 53, 54, 55, 56, 57, 58, 59, 60, 61, 62, 63, 64, 65, 66, 67, 68, 69, 70, 71, 72, 73, 74, 75, 76, 77, 78, 79, 80, 81, 82, 83, 84, 85, 86, 87, 88, 89, 90, 91, 92, 93, 94, 95, 96, 97, 98, 99, 100, 101, 102, 103, 104, 105, 106, 107, 108, 109, 110, 111, 112, 113, 114, 115, 116, 117, 118, 119, 120, 121, 122, 123, 124, 125'.",,,,,,,,,,,,,,,,,,,,,,,,,,,,,,,,,,,,,,,,,,,,,,,,,,,,,,,,,,,,,,,,,,,,,,,,,,,,,,,,,,,,,,,,,,,,,,,,,,,,,,,,,,,,,,,,,,,,,,,,,,,,,
